x-axis,1,2
second,Volt,Volt
-100.000E-03,+3.618090E+00,-964.824E-03
-99.900E-03,+3.738693E+00,-804.020E-03
-99.800E-03,+3.698492E+00,-718.593E-03
-99.700E-03,+3.698492E+00,-643.216E-03
-99.600E-03,+3.698492E+00,-562.814E-03
-99.500E-03,+3.698492E+00,-482.412E-03
-99.400E-03,+3.698492E+00,-402.010E-03
-99.300E-03,+3.698492E+00,-321.608E-03
-99.200E-03,+3.773869E+00,-236.181E-03
-99.100E-03,+3.698492E+00,-160.804E-03
-99.000E-03,+3.773869E+00,-80.402E-03
-98.900E-03,+3.733668E+00,+0.0E+00
-98.800E-03,+3.698492E+00,+80.402E-03
-98.700E-03,+3.698492E+00,+160.804E-03
-98.600E-03,+3.698492E+00,+241.206E-03
-98.500E-03,+3.698492E+00,+321.608E-03
-98.400E-03,+3.773869E+00,+402.010E-03
-98.300E-03,+3.738693E+00,+437.186E-03
-98.200E-03,+3.698492E+00,+482.412E-03
-98.100E-03,+3.778894E+00,+603.015E-03
-98.000E-03,+3.773869E+00,+643.216E-03
-97.900E-03,+3.733668E+00,+723.618E-03
-97.800E-03,+3.773869E+00,+804.020E-03
-97.700E-03,+3.738693E+00,+804.020E-03
-97.600E-03,+3.698492E+00,+884.422E-03
-97.500E-03,+3.698492E+00,+964.824E-03
-97.400E-03,+3.698492E+00,+964.824E-03
-97.300E-03,+3.733668E+00,+1.045226E+00
-97.200E-03,+3.778894E+00,+1.125628E+00
-97.100E-03,+3.738693E+00,+1.206030E+00
-97.000E-03,+3.778894E+00,+1.206030E+00
-96.900E-03,+3.738693E+00,+1.286432E+00
-96.800E-03,+3.698492E+00,+1.366834E+00
-96.700E-03,+3.698492E+00,+1.447236E+00
-96.600E-03,+3.778894E+00,+1.447236E+00
-96.500E-03,+3.733668E+00,+1.482412E+00
-96.400E-03,+3.778894E+00,+1.527638E+00
-96.300E-03,+3.698492E+00,+1.608040E+00
-96.200E-03,+3.773869E+00,+1.608040E+00
-96.100E-03,+3.778894E+00,+1.643216E+00
-96.000E-03,+3.773869E+00,+1.688442E+00
-95.900E-03,+3.738693E+00,+1.804020E+00
-95.800E-03,+3.698492E+00,+1.768844E+00
-95.700E-03,+3.733668E+00,+1.804020E+00
-95.600E-03,+3.778894E+00,+1.849246E+00
-95.500E-03,+3.698492E+00,+1.929648E+00
-95.400E-03,+3.698492E+00,+2.005025E+00
-95.300E-03,+3.698492E+00,+2.010050E+00
-95.200E-03,+3.698492E+00,+2.010050E+00
-95.100E-03,+3.698492E+00,+2.090452E+00
-95.000E-03,+3.778894E+00,+2.090452E+00
-94.900E-03,+3.733668E+00,+2.130653E+00
-94.800E-03,+3.778894E+00,+2.170854E+00
-94.700E-03,+3.778894E+00,+2.206030E+00
-94.600E-03,+3.773869E+00,+2.251256E+00
-94.500E-03,+3.733668E+00,+2.251256E+00
-94.400E-03,+3.773869E+00,+2.326633E+00
-94.300E-03,+3.698492E+00,+2.331658E+00
-94.200E-03,+3.698492E+00,+2.331658E+00
-94.100E-03,+3.733668E+00,+2.371859E+00
-94.000E-03,+3.698492E+00,+2.412060E+00
-93.900E-03,+3.738693E+00,+2.452261E+00
-93.800E-03,+3.698492E+00,+2.492462E+00
-93.700E-03,+3.778894E+00,+2.492462E+00
-93.600E-03,+3.698492E+00,+2.492462E+00
-93.500E-03,+3.778894E+00,+2.572864E+00
-93.400E-03,+3.698492E+00,+2.648241E+00
-93.300E-03,+3.698492E+00,+2.572864E+00
-93.200E-03,+3.698492E+00,+2.653266E+00
-93.100E-03,+3.698492E+00,+2.653266E+00
-93.000E-03,+3.778894E+00,+2.653266E+00
-92.900E-03,+3.733668E+00,+2.693467E+00
-92.800E-03,+3.778894E+00,+2.653266E+00
-92.700E-03,+3.698492E+00,+2.733668E+00
-92.600E-03,+3.773869E+00,+2.733668E+00
-92.500E-03,+3.698492E+00,+2.814070E+00
-92.400E-03,+3.698492E+00,+2.814070E+00
-92.300E-03,+3.733668E+00,+2.814070E+00
-92.200E-03,+3.773869E+00,+2.814070E+00
-92.100E-03,+3.733668E+00,+2.894472E+00
-92.000E-03,+3.773869E+00,+2.894472E+00
-91.900E-03,+3.778894E+00,+2.934673E+00
-91.800E-03,+3.773869E+00,+2.974874E+00
-91.700E-03,+3.733668E+00,+2.929648E+00
-91.600E-03,+3.773869E+00,+2.974874E+00
-91.500E-03,+3.778894E+00,+2.974874E+00
-91.400E-03,+3.778894E+00,+3.050251E+00
-91.300E-03,+3.738693E+00,+3.010050E+00
-91.200E-03,+3.698492E+00,+3.050251E+00
-91.100E-03,+3.698492E+00,+3.055276E+00
-91.000E-03,+3.773869E+00,+3.055276E+00
-90.900E-03,+3.698492E+00,+3.135678E+00
-90.800E-03,+3.778894E+00,+3.055276E+00
-90.700E-03,+3.733668E+00,+3.135678E+00
-90.600E-03,+3.698492E+00,+3.135678E+00
-90.500E-03,+3.778894E+00,+3.175879E+00
-90.400E-03,+3.778894E+00,+3.135678E+00
-90.300E-03,+3.778894E+00,+3.170854E+00
-90.200E-03,+3.698492E+00,+3.135678E+00
-90.100E-03,+3.698492E+00,+3.216080E+00
-90.000E-03,+3.773869E+00,+3.216080E+00
-89.900E-03,+3.778894E+00,+3.216080E+00
-89.800E-03,+3.778894E+00,+3.216080E+00
-89.700E-03,+3.738693E+00,+3.251256E+00
-89.600E-03,+3.773869E+00,+3.296482E+00
-89.500E-03,+3.778894E+00,+3.296482E+00
-89.400E-03,+3.778894E+00,+3.296482E+00
-89.300E-03,+3.778894E+00,+3.296482E+00
-89.200E-03,+3.778894E+00,+3.296482E+00
-89.100E-03,+3.738693E+00,+3.296482E+00
-89.000E-03,+3.698492E+00,+3.376884E+00
-88.900E-03,+3.698492E+00,+3.336683E+00
-88.800E-03,+3.778894E+00,+3.296482E+00
-88.700E-03,+3.733668E+00,+3.376884E+00
-88.600E-03,+3.773869E+00,+3.376884E+00
-88.500E-03,+3.733668E+00,+3.376884E+00
-88.400E-03,+3.778894E+00,+3.376884E+00
-88.300E-03,+3.733668E+00,+3.412060E+00
-88.200E-03,+3.778894E+00,+3.376884E+00
-88.100E-03,+3.778894E+00,+3.457286E+00
-88.000E-03,+3.698492E+00,+3.457286E+00
-87.900E-03,+3.698492E+00,+3.457286E+00
-87.800E-03,+3.778894E+00,+3.457286E+00
-87.700E-03,+3.778894E+00,+3.457286E+00
-87.600E-03,+3.778894E+00,+3.457286E+00
-87.500E-03,+3.778894E+00,+3.457286E+00
-87.400E-03,+3.778894E+00,+3.457286E+00
-87.300E-03,+3.733668E+00,+3.457286E+00
-87.200E-03,+3.698492E+00,+3.457286E+00
-87.100E-03,+3.778894E+00,+3.537688E+00
-87.000E-03,+3.773869E+00,+3.457286E+00
-86.900E-03,+3.733668E+00,+3.537688E+00
-86.800E-03,+3.698492E+00,+3.537688E+00
-86.700E-03,+3.733668E+00,+3.537688E+00
-86.600E-03,+3.778894E+00,+3.537688E+00
-86.500E-03,+3.733668E+00,+3.537688E+00
-86.400E-03,+3.778894E+00,+3.537688E+00
-86.300E-03,+3.778894E+00,+3.537688E+00
-86.200E-03,+3.698492E+00,+3.537688E+00
-86.100E-03,+3.778894E+00,+3.537688E+00
-86.000E-03,+3.778894E+00,+3.613065E+00
-85.900E-03,+3.778894E+00,+3.618090E+00
-85.800E-03,+3.773869E+00,+3.537688E+00
-85.700E-03,+3.778894E+00,+3.572864E+00
-85.600E-03,+3.778894E+00,+3.618090E+00
-85.500E-03,+3.738693E+00,+3.618090E+00
-85.400E-03,+3.698492E+00,+3.537688E+00
-85.300E-03,+3.778894E+00,+3.618090E+00
-85.200E-03,+3.773869E+00,+3.618090E+00
-85.100E-03,+3.733668E+00,+3.618090E+00
-85.000E-03,+3.698492E+00,+3.618090E+00
-84.900E-03,+3.733668E+00,+3.618090E+00
-84.800E-03,+3.778894E+00,+3.618090E+00
-84.700E-03,+3.738693E+00,+3.618090E+00
-84.600E-03,+3.778894E+00,+3.618090E+00
-84.500E-03,+3.738693E+00,+3.618090E+00
-84.400E-03,+3.778894E+00,+3.698492E+00
-84.300E-03,+3.778894E+00,+3.618090E+00
-84.200E-03,+3.778894E+00,+3.618090E+00
-84.100E-03,+3.738693E+00,+3.658291E+00
-84.000E-03,+3.778894E+00,+3.698492E+00
-83.900E-03,+3.733668E+00,+3.653266E+00
-83.800E-03,+3.698492E+00,+3.698492E+00
-83.700E-03,+3.778894E+00,+3.653266E+00
-83.600E-03,+3.778894E+00,+3.698492E+00
-83.500E-03,+3.738693E+00,+3.698492E+00
-83.400E-03,+3.778894E+00,+3.698492E+00
-83.300E-03,+3.733668E+00,+3.698492E+00
-83.200E-03,+3.778894E+00,+3.698492E+00
-83.100E-03,+3.733668E+00,+3.698492E+00
-83.000E-03,+3.773869E+00,+3.773869E+00
-82.900E-03,+3.698492E+00,+3.698492E+00
-82.800E-03,+3.698492E+00,+3.698492E+00
-82.700E-03,+3.778894E+00,+3.698492E+00
-82.600E-03,+3.778894E+00,+3.698492E+00
-82.500E-03,+3.778894E+00,+3.698492E+00
-82.400E-03,+3.698492E+00,+3.698492E+00
-82.300E-03,+3.738693E+00,+3.733668E+00
-82.200E-03,+3.778894E+00,+3.698492E+00
-82.100E-03,+3.778894E+00,+3.698492E+00
-82.000E-03,+3.778894E+00,+3.778894E+00
-81.900E-03,+3.733668E+00,+3.733668E+00
-81.800E-03,+3.773869E+00,+3.698492E+00
-81.700E-03,+3.778894E+00,+3.778894E+00
-81.600E-03,+3.778894E+00,+3.698492E+00
-81.500E-03,+3.778894E+00,+3.738693E+00
-81.400E-03,+3.778894E+00,+3.698492E+00
-81.300E-03,+3.778894E+00,+3.778894E+00
-81.200E-03,+3.778894E+00,+3.773869E+00
-81.100E-03,+3.778894E+00,+3.733668E+00
-81.000E-03,+3.778894E+00,+3.698492E+00
-80.900E-03,+3.778894E+00,+3.778894E+00
-80.800E-03,+3.773869E+00,+3.778894E+00
-80.700E-03,+3.778894E+00,+3.738693E+00
-80.600E-03,+3.698492E+00,+3.778894E+00
-80.500E-03,+3.733668E+00,+3.733668E+00
-80.400E-03,+3.698492E+00,+3.778894E+00
-80.300E-03,+3.778894E+00,+3.778894E+00
-80.200E-03,+3.698492E+00,+3.778894E+00
-80.100E-03,+3.738693E+00,+3.778894E+00
-80.000E-03,+3.698492E+00,+3.778894E+00
-79.900E-03,+3.738693E+00,+3.778894E+00
-79.800E-03,+3.778894E+00,+3.778894E+00
-79.700E-03,+3.778894E+00,+3.778894E+00
-79.600E-03,+3.778894E+00,+3.778894E+00
-79.500E-03,+3.778894E+00,+3.778894E+00
-79.400E-03,+3.773869E+00,+3.778894E+00
-79.300E-03,+3.698492E+00,+3.814070E+00
-79.200E-03,+3.698492E+00,+3.778894E+00
-79.100E-03,+3.733668E+00,+3.778894E+00
-79.000E-03,+3.778894E+00,+3.778894E+00
-78.900E-03,+3.778894E+00,+3.778894E+00
-78.800E-03,+3.773869E+00,+3.778894E+00
-78.700E-03,+3.778894E+00,+3.778894E+00
-78.600E-03,+3.778894E+00,+3.778894E+00
-78.500E-03,+3.778894E+00,+3.814070E+00
-78.400E-03,+3.778894E+00,+3.778894E+00
-78.300E-03,+3.738693E+00,+3.778894E+00
-78.200E-03,+3.698492E+00,+3.698492E+00
-78.100E-03,+3.778894E+00,+3.778894E+00
-78.000E-03,+3.778894E+00,+3.778894E+00
-77.900E-03,+3.738693E+00,+3.814070E+00
-77.800E-03,+3.698492E+00,+3.778894E+00
-77.700E-03,+3.778894E+00,+3.778894E+00
-77.600E-03,+3.773869E+00,+3.778894E+00
-77.500E-03,+3.778894E+00,+3.814070E+00
-77.400E-03,+3.778894E+00,+3.778894E+00
-77.300E-03,+3.778894E+00,+3.778894E+00
-77.200E-03,+3.698492E+00,+3.778894E+00
-77.100E-03,+3.778894E+00,+3.814070E+00
-77.000E-03,+3.773869E+00,+3.854271E+00
-76.900E-03,+3.738693E+00,+3.859296E+00
-76.800E-03,+3.778894E+00,+3.854271E+00
-76.700E-03,+3.778894E+00,+3.859296E+00
-76.600E-03,+3.698492E+00,+3.778894E+00
-76.500E-03,+3.733668E+00,+3.778894E+00
-76.400E-03,+3.773869E+00,+3.859296E+00
-76.300E-03,+3.778894E+00,+3.814070E+00
-76.200E-03,+3.778894E+00,+3.859296E+00
-76.100E-03,+3.778894E+00,+3.778894E+00
-76.000E-03,+3.773869E+00,+3.859296E+00
-75.900E-03,+3.778894E+00,+3.778894E+00
-75.800E-03,+3.778894E+00,+3.859296E+00
-75.700E-03,+3.778894E+00,+3.859296E+00
-75.600E-03,+3.698492E+00,+3.778894E+00
-75.500E-03,+3.778894E+00,+3.859296E+00
-75.400E-03,+3.778894E+00,+3.854271E+00
-75.300E-03,+3.738693E+00,+3.778894E+00
-75.200E-03,+3.773869E+00,+3.854271E+00
-75.100E-03,+3.778894E+00,+3.814070E+00
-75.000E-03,+3.698492E+00,+3.859296E+00
-74.900E-03,+3.778894E+00,+3.819095E+00
-74.800E-03,+3.698492E+00,+3.854271E+00
-74.700E-03,+3.698492E+00,+3.814070E+00
-74.600E-03,+3.778894E+00,+3.778894E+00
-74.500E-03,+3.733668E+00,+3.819095E+00
-74.400E-03,+3.698492E+00,+3.859296E+00
-74.300E-03,+3.778894E+00,+3.859296E+00
-74.200E-03,+3.778894E+00,+3.859296E+00
-74.100E-03,+3.778894E+00,+3.859296E+00
-74.000E-03,+3.773869E+00,+3.778894E+00
-73.900E-03,+3.778894E+00,+3.814070E+00
-73.800E-03,+3.698492E+00,+3.854271E+00
-73.700E-03,+3.778894E+00,+3.859296E+00
-73.600E-03,+3.773869E+00,+3.778894E+00
-73.500E-03,+3.778894E+00,+3.854271E+00
-73.400E-03,+3.773869E+00,+3.859296E+00
-73.300E-03,+3.778894E+00,+3.859296E+00
-73.200E-03,+3.773869E+00,+3.859296E+00
-73.100E-03,+3.738693E+00,+3.814070E+00
-73.000E-03,+3.778894E+00,+3.859296E+00
-72.900E-03,+3.778894E+00,+3.859296E+00
-72.800E-03,+3.698492E+00,+3.859296E+00
-72.700E-03,+3.733668E+00,+3.859296E+00
-72.600E-03,+3.778894E+00,+3.859296E+00
-72.500E-03,+3.738693E+00,+3.819095E+00
-72.400E-03,+3.778894E+00,+3.854271E+00
-72.300E-03,+3.738693E+00,+3.859296E+00
-72.200E-03,+3.773869E+00,+3.854271E+00
-72.100E-03,+3.778894E+00,+3.814070E+00
-72.000E-03,+3.698492E+00,+3.859296E+00
-71.900E-03,+3.778894E+00,+3.859296E+00
-71.800E-03,+3.778894E+00,+3.859296E+00
-71.700E-03,+3.698492E+00,+3.814070E+00
-71.600E-03,+3.773869E+00,+3.859296E+00
-71.500E-03,+3.738693E+00,+3.814070E+00
-71.400E-03,+3.773869E+00,+3.854271E+00
-71.300E-03,+3.778894E+00,+3.859296E+00
-71.200E-03,+3.698492E+00,+3.859296E+00
-71.100E-03,+3.778894E+00,+3.819095E+00
-71.000E-03,+3.778894E+00,+3.859296E+00
-70.900E-03,+3.778894E+00,+3.859296E+00
-70.800E-03,+3.778894E+00,+3.854271E+00
-70.700E-03,+3.778894E+00,+3.859296E+00
-70.600E-03,+3.773869E+00,+3.859296E+00
-70.500E-03,+3.778894E+00,+3.859296E+00
-70.400E-03,+3.778894E+00,+3.859296E+00
-70.300E-03,+3.778894E+00,+3.778894E+00
-70.200E-03,+3.778894E+00,+3.859296E+00
-70.100E-03,+3.738693E+00,+3.859296E+00
-70.000E-03,+3.778894E+00,+3.859296E+00
-69.900E-03,+3.778894E+00,+3.859296E+00
-69.800E-03,+3.778894E+00,+3.859296E+00
-69.700E-03,+3.778894E+00,+3.859296E+00
-69.600E-03,+3.778894E+00,+3.859296E+00
-69.500E-03,+3.778894E+00,+3.859296E+00
-69.400E-03,+3.698492E+00,+3.778894E+00
-69.300E-03,+3.778894E+00,+3.819095E+00
-69.200E-03,+3.698492E+00,+3.859296E+00
-69.100E-03,+3.778894E+00,+3.859296E+00
-69.000E-03,+3.773869E+00,+3.859296E+00
-68.900E-03,+3.778894E+00,+3.859296E+00
-68.800E-03,+3.778894E+00,+3.859296E+00
-68.700E-03,+3.778894E+00,+3.894472E+00
-68.600E-03,+3.778894E+00,+3.859296E+00
-68.500E-03,+3.778894E+00,+3.859296E+00
-68.400E-03,+3.778894E+00,+3.859296E+00
-68.300E-03,+3.738693E+00,+3.859296E+00
-68.200E-03,+3.698492E+00,+3.859296E+00
-68.100E-03,+3.778894E+00,+3.859296E+00
-68.000E-03,+3.778894E+00,+3.859296E+00
-67.900E-03,+3.778894E+00,+3.859296E+00
-67.800E-03,+3.778894E+00,+3.854271E+00
-67.700E-03,+3.778894E+00,+3.859296E+00
-67.600E-03,+3.778894E+00,+3.859296E+00
-67.500E-03,+3.738693E+00,+3.819095E+00
-67.400E-03,+3.778894E+00,+3.859296E+00
-67.300E-03,+3.738693E+00,+3.859296E+00
-67.200E-03,+3.773869E+00,+3.859296E+00
-67.100E-03,+3.778894E+00,+3.859296E+00
-67.000E-03,+3.778894E+00,+3.859296E+00
-66.900E-03,+3.778894E+00,+3.859296E+00
-66.800E-03,+3.778894E+00,+3.859296E+00
-66.700E-03,+3.733668E+00,+3.859296E+00
-66.600E-03,+3.778894E+00,+3.859296E+00
-66.500E-03,+3.778894E+00,+3.859296E+00
-66.400E-03,+3.778894E+00,+3.859296E+00
-66.300E-03,+3.738693E+00,+3.859296E+00
-66.200E-03,+3.778894E+00,+3.859296E+00
-66.100E-03,+3.738693E+00,+3.859296E+00
-66.000E-03,+3.698492E+00,+3.859296E+00
-65.900E-03,+3.733668E+00,+3.859296E+00
-65.800E-03,+3.778894E+00,+3.859296E+00
-65.700E-03,+3.778894E+00,+3.859296E+00
-65.600E-03,+3.778894E+00,+3.934673E+00
-65.500E-03,+3.778894E+00,+3.859296E+00
-65.400E-03,+3.698492E+00,+3.859296E+00
-65.300E-03,+3.778894E+00,+3.859296E+00
-65.200E-03,+3.778894E+00,+3.859296E+00
-65.100E-03,+3.778894E+00,+3.859296E+00
-65.000E-03,+3.778894E+00,+3.859296E+00
-64.900E-03,+3.778894E+00,+3.814070E+00
-64.800E-03,+3.778894E+00,+3.859296E+00
-64.700E-03,+3.738693E+00,+3.819095E+00
-64.600E-03,+3.698492E+00,+3.859296E+00
-64.500E-03,+3.778894E+00,+3.859296E+00
-64.400E-03,+3.778894E+00,+3.859296E+00
-64.300E-03,+3.778894E+00,+3.894472E+00
-64.200E-03,+3.778894E+00,+3.859296E+00
-64.100E-03,+3.778894E+00,+3.859296E+00
-64.000E-03,+3.773869E+00,+3.859296E+00
-63.900E-03,+3.698492E+00,+3.859296E+00
-63.800E-03,+3.778894E+00,+3.859296E+00
-63.700E-03,+3.733668E+00,+3.859296E+00
-63.600E-03,+3.698492E+00,+3.859296E+00
-63.500E-03,+3.778894E+00,+3.859296E+00
-63.400E-03,+3.778894E+00,+3.859296E+00
-63.300E-03,+3.733668E+00,+3.859296E+00
-63.200E-03,+3.778894E+00,+3.934673E+00
-63.100E-03,+3.733668E+00,+3.859296E+00
-63.000E-03,+3.778894E+00,+3.859296E+00
-62.900E-03,+3.733668E+00,+3.859296E+00
-62.800E-03,+3.773869E+00,+3.859296E+00
-62.700E-03,+3.733668E+00,+3.859296E+00
-62.600E-03,+3.773869E+00,+3.859296E+00
-62.500E-03,+3.738693E+00,+3.819095E+00
-62.400E-03,+3.778894E+00,+3.859296E+00
-62.300E-03,+3.733668E+00,+3.859296E+00
-62.200E-03,+3.698492E+00,+3.859296E+00
-62.100E-03,+3.778894E+00,+3.859296E+00
-62.000E-03,+3.773869E+00,+3.859296E+00
-61.900E-03,+3.778894E+00,+3.859296E+00
-61.800E-03,+3.778894E+00,+3.859296E+00
-61.700E-03,+3.738693E+00,+3.859296E+00
-61.600E-03,+3.778894E+00,+3.859296E+00
-61.500E-03,+3.738693E+00,+3.859296E+00
-61.400E-03,+3.778894E+00,+3.859296E+00
-61.300E-03,+3.733668E+00,+3.859296E+00
-61.200E-03,+3.778894E+00,+3.859296E+00
-61.100E-03,+3.778894E+00,+3.859296E+00
-61.000E-03,+3.778894E+00,+3.859296E+00
-60.900E-03,+3.778894E+00,+3.859296E+00
-60.800E-03,+3.773869E+00,+3.859296E+00
-60.700E-03,+3.778894E+00,+3.859296E+00
-60.600E-03,+3.773869E+00,+3.859296E+00
-60.500E-03,+3.698492E+00,+3.859296E+00
-60.400E-03,+3.778894E+00,+3.859296E+00
-60.300E-03,+3.698492E+00,+3.859296E+00
-60.200E-03,+3.778894E+00,+3.859296E+00
-60.100E-03,+3.778894E+00,+3.859296E+00
-60.000E-03,+3.778894E+00,+3.859296E+00
-59.900E-03,+3.778894E+00,+3.859296E+00
-59.800E-03,+3.778894E+00,+3.859296E+00
-59.700E-03,+3.733668E+00,+3.859296E+00
-59.600E-03,+3.773869E+00,+3.859296E+00
-59.500E-03,+3.778894E+00,+3.819095E+00
-59.400E-03,+3.778894E+00,+3.859296E+00
-59.300E-03,+3.733668E+00,+3.859296E+00
-59.200E-03,+3.773869E+00,+3.854271E+00
-59.100E-03,+3.778894E+00,+3.859296E+00
-59.000E-03,+3.778894E+00,+3.859296E+00
-58.900E-03,+3.778894E+00,+3.859296E+00
-58.800E-03,+3.698492E+00,+3.859296E+00
-58.700E-03,+3.778894E+00,+3.859296E+00
-58.600E-03,+3.778894E+00,+3.859296E+00
-58.500E-03,+3.778894E+00,+3.859296E+00
-58.400E-03,+3.778894E+00,+3.859296E+00
-58.300E-03,+3.738693E+00,+3.859296E+00
-58.200E-03,+3.778894E+00,+3.859296E+00
-58.100E-03,+3.778894E+00,+3.859296E+00
-58.000E-03,+3.778894E+00,+3.859296E+00
-57.900E-03,+3.778894E+00,+3.859296E+00
-57.800E-03,+3.778894E+00,+3.778894E+00
-57.700E-03,+3.778894E+00,+3.859296E+00
-57.600E-03,+3.778894E+00,+3.859296E+00
-57.500E-03,+3.738693E+00,+3.859296E+00
-57.400E-03,+3.778894E+00,+3.859296E+00
-57.300E-03,+3.738693E+00,+3.814070E+00
-57.200E-03,+3.778894E+00,+3.859296E+00
-57.100E-03,+3.698492E+00,+3.859296E+00
-57.000E-03,+3.773869E+00,+3.859296E+00
-56.900E-03,+3.733668E+00,+3.859296E+00
-56.800E-03,+3.778894E+00,+3.859296E+00
-56.700E-03,+3.778894E+00,+3.859296E+00
-56.600E-03,+3.778894E+00,+3.859296E+00
-56.500E-03,+3.778894E+00,+3.859296E+00
-56.400E-03,+3.778894E+00,+3.934673E+00
-56.300E-03,+3.778894E+00,+3.859296E+00
-56.200E-03,+3.698492E+00,+3.778894E+00
-56.100E-03,+3.778894E+00,+3.859296E+00
-56.000E-03,+3.698492E+00,+3.859296E+00
-55.900E-03,+3.778894E+00,+3.899497E+00
-55.800E-03,+3.778894E+00,+3.859296E+00
-55.700E-03,+3.778894E+00,+3.859296E+00
-55.600E-03,+3.778894E+00,+3.859296E+00
-55.500E-03,+3.778894E+00,+3.859296E+00
-55.400E-03,+3.778894E+00,+3.859296E+00
-55.300E-03,+3.778894E+00,+3.859296E+00
-55.200E-03,+3.773869E+00,+3.859296E+00
-55.100E-03,+3.778894E+00,+3.859296E+00
-55.000E-03,+3.773869E+00,+3.859296E+00
-54.900E-03,+3.778894E+00,+3.859296E+00
-54.800E-03,+3.778894E+00,+3.859296E+00
-54.700E-03,+3.814070E+00,+3.859296E+00
-54.600E-03,+3.778894E+00,+3.859296E+00
-54.500E-03,+3.778894E+00,+3.859296E+00
-54.400E-03,+3.778894E+00,+3.859296E+00
-54.300E-03,+3.778894E+00,+3.859296E+00
-54.200E-03,+3.698492E+00,+3.854271E+00
-54.100E-03,+3.778894E+00,+3.859296E+00
-54.000E-03,+3.698492E+00,+3.859296E+00
-53.900E-03,+3.778894E+00,+3.859296E+00
-53.800E-03,+3.778894E+00,+3.859296E+00
-53.700E-03,+3.738693E+00,+3.859296E+00
-53.600E-03,+3.698492E+00,+3.859296E+00
-53.500E-03,+3.778894E+00,+3.859296E+00
-53.400E-03,+3.778894E+00,+3.859296E+00
-53.300E-03,+3.778894E+00,+3.859296E+00
-53.200E-03,+3.778894E+00,+3.859296E+00
-53.100E-03,+3.778894E+00,+3.859296E+00
-53.000E-03,+3.698492E+00,+3.778894E+00
-52.900E-03,+3.778894E+00,+3.859296E+00
-52.800E-03,+3.778894E+00,+3.859296E+00
-52.700E-03,+3.778894E+00,+3.859296E+00
-52.600E-03,+3.778894E+00,+3.778894E+00
-52.500E-03,+3.733668E+00,+3.859296E+00
-52.400E-03,+3.778894E+00,+3.859296E+00
-52.300E-03,+3.778894E+00,+3.814070E+00
-52.200E-03,+3.778894E+00,+3.859296E+00
-52.100E-03,+3.778894E+00,+3.859296E+00
-52.000E-03,+3.778894E+00,+3.859296E+00
-51.900E-03,+3.733668E+00,+3.859296E+00
-51.800E-03,+3.698492E+00,+3.859296E+00
-51.700E-03,+3.778894E+00,+3.859296E+00
-51.600E-03,+3.698492E+00,+3.859296E+00
-51.500E-03,+3.778894E+00,+3.859296E+00
-51.400E-03,+3.778894E+00,+3.859296E+00
-51.300E-03,+3.733668E+00,+3.859296E+00
-51.200E-03,+3.698492E+00,+3.859296E+00
-51.100E-03,+3.778894E+00,+3.859296E+00
-51.000E-03,+3.778894E+00,+3.859296E+00
-50.900E-03,+3.778894E+00,+3.859296E+00
-50.800E-03,+3.698492E+00,+3.859296E+00
-50.700E-03,+3.778894E+00,+3.859296E+00
-50.600E-03,+3.778894E+00,+3.859296E+00
-50.500E-03,+3.733668E+00,+3.859296E+00
-50.400E-03,+3.778894E+00,+3.934673E+00
-50.300E-03,+3.733668E+00,+3.819095E+00
-50.200E-03,+3.698492E+00,+3.859296E+00
-50.100E-03,+3.819095E+00,+3.859296E+00
-50.000E-03,-959.799E-03,+3.859296E+00
-49.900E-03,-919.598E-03,+3.733668E+00
-49.800E-03,-964.824E-03,+3.618090E+00
-49.700E-03,-964.824E-03,+3.537688E+00
-49.600E-03,-964.824E-03,+3.457286E+00
-49.500E-03,-1.000000E+00,+3.376884E+00
-49.400E-03,-1.040201E+00,+3.296482E+00
-49.300E-03,-964.824E-03,+3.170854E+00
-49.200E-03,-1.040201E+00,+3.130653E+00
-49.100E-03,-964.824E-03,+3.055276E+00
-49.000E-03,-964.824E-03,+2.974874E+00
-48.900E-03,-1.005025E+00,+2.894472E+00
-48.800E-03,-964.824E-03,+2.733668E+00
-48.700E-03,-964.824E-03,+2.733668E+00
-48.600E-03,-964.824E-03,+2.653266E+00
-48.500E-03,-1.005025E+00,+2.572864E+00
-48.400E-03,-964.824E-03,+2.492462E+00
-48.300E-03,-964.824E-03,+2.412060E+00
-48.200E-03,-964.824E-03,+2.412060E+00
-48.100E-03,-964.824E-03,+2.286432E+00
-48.000E-03,-964.824E-03,+2.251256E+00
-47.900E-03,-1.045226E+00,+2.206030E+00
-47.800E-03,-964.824E-03,+2.165829E+00
-47.700E-03,-1.005025E+00,+2.090452E+00
-47.600E-03,-964.824E-03,+2.010050E+00
-47.500E-03,-1.005025E+00,+1.929648E+00
-47.400E-03,-964.824E-03,+1.924623E+00
-47.300E-03,-1.000000E+00,+1.849246E+00
-47.200E-03,-1.040201E+00,+1.768844E+00
-47.100E-03,-964.824E-03,+1.688442E+00
-47.000E-03,-964.824E-03,+1.688442E+00
-46.900E-03,-1.000000E+00,+1.608040E+00
-46.800E-03,-1.040201E+00,+1.527638E+00
-46.700E-03,-1.045226E+00,+1.527638E+00
-46.600E-03,-964.824E-03,+1.447236E+00
-46.500E-03,-1.005025E+00,+1.447236E+00
-46.400E-03,-1.045226E+00,+1.366834E+00
-46.300E-03,-1.005025E+00,+1.321608E+00
-46.200E-03,-1.040201E+00,+1.286432E+00
-46.100E-03,-964.824E-03,+1.241206E+00
-46.000E-03,-964.824E-03,+1.201005E+00
-45.900E-03,-1.005025E+00,+1.125628E+00
-45.800E-03,-1.040201E+00,+1.045226E+00
-45.700E-03,-1.045226E+00,+1.045226E+00
-45.600E-03,-1.040201E+00,+964.824E-03
-45.500E-03,-1.000000E+00,+964.824E-03
-45.400E-03,-1.045226E+00,+964.824E-03
-45.300E-03,-964.824E-03,+884.422E-03
-45.200E-03,-1.040201E+00,+884.422E-03
-45.100E-03,-1.045226E+00,+804.020E-03
-45.000E-03,-1.045226E+00,+804.020E-03
-44.900E-03,-1.005025E+00,+804.020E-03
-44.800E-03,-964.824E-03,+723.618E-03
-44.700E-03,-1.045226E+00,+723.618E-03
-44.600E-03,-964.824E-03,+643.216E-03
-44.500E-03,-1.000000E+00,+597.990E-03
-44.400E-03,-1.045226E+00,+562.814E-03
-44.300E-03,-1.005025E+00,+562.814E-03
-44.200E-03,-1.040201E+00,+562.814E-03
-44.100E-03,-1.005025E+00,+517.588E-03
-44.000E-03,-1.045226E+00,+557.789E-03
-43.900E-03,-1.045226E+00,+437.186E-03
-43.800E-03,-964.824E-03,+477.387E-03
-43.700E-03,-1.045226E+00,+402.010E-03
-43.600E-03,-1.040201E+00,+402.010E-03
-43.500E-03,-1.000000E+00,+321.608E-03
-43.400E-03,-1.040201E+00,+321.608E-03
-43.300E-03,-1.000000E+00,+321.608E-03
-43.200E-03,-964.824E-03,+236.181E-03
-43.100E-03,-1.005025E+00,+241.206E-03
-43.000E-03,-1.040201E+00,+241.206E-03
-42.900E-03,-1.000000E+00,+195.980E-03
-42.800E-03,-1.045226E+00,+160.804E-03
-42.700E-03,-1.000000E+00,+160.804E-03
-42.600E-03,-964.824E-03,+160.804E-03
-42.500E-03,-1.045226E+00,+80.402E-03
-42.400E-03,-964.824E-03,+80.402E-03
-42.300E-03,-1.045226E+00,+80.402E-03
-42.200E-03,-964.824E-03,+75.377E-03
-42.100E-03,-964.824E-03,+40.201E-03
-42.000E-03,-1.120603E+00,+0.0E+00
-41.900E-03,-964.824E-03,+0.0E+00
-41.800E-03,-964.824E-03,+0.0E+00
-41.700E-03,-1.045226E+00,-40.201E-03
-41.600E-03,-1.040201E+00,-80.402E-03
-41.500E-03,-1.045226E+00,-80.402E-03
-41.400E-03,-964.824E-03,-80.402E-03
-41.300E-03,-1.045226E+00,-160.804E-03
-41.200E-03,-964.824E-03,-80.402E-03
-41.100E-03,-1.045226E+00,-115.578E-03
-41.000E-03,-1.040201E+00,-160.804E-03
-40.900E-03,-1.000000E+00,-160.804E-03
-40.800E-03,-1.045226E+00,-160.804E-03
-40.700E-03,-1.000000E+00,-195.980E-03
-40.600E-03,-964.824E-03,-160.804E-03
-40.500E-03,-1.005025E+00,-241.206E-03
-40.400E-03,-964.824E-03,-241.206E-03
-40.300E-03,-964.824E-03,-241.206E-03
-40.200E-03,-964.824E-03,-241.206E-03
-40.100E-03,-1.005025E+00,-276.382E-03
-40.000E-03,-964.824E-03,-241.206E-03
-39.900E-03,-1.000000E+00,-321.608E-03
-39.800E-03,-1.045226E+00,-321.608E-03
-39.700E-03,-1.045226E+00,-321.608E-03
-39.600E-03,-964.824E-03,-321.608E-03
-39.500E-03,-1.045226E+00,-321.608E-03
-39.400E-03,-1.045226E+00,-321.608E-03
-39.300E-03,-1.000000E+00,-402.010E-03
-39.200E-03,-964.824E-03,-402.010E-03
-39.100E-03,-1.045226E+00,-402.010E-03
-39.000E-03,-1.040201E+00,-402.010E-03
-38.900E-03,-1.045226E+00,-402.010E-03
-38.800E-03,-1.045226E+00,-477.387E-03
-38.700E-03,-1.000000E+00,-442.211E-03
-38.600E-03,-1.045226E+00,-477.387E-03
-38.500E-03,-1.045226E+00,-442.211E-03
-38.400E-03,-964.824E-03,-482.412E-03
-38.300E-03,-1.045226E+00,-482.412E-03
-38.200E-03,-964.824E-03,-482.412E-03
-38.100E-03,-964.824E-03,-482.412E-03
-38.000E-03,-964.824E-03,-557.789E-03
-37.900E-03,-1.005025E+00,-482.412E-03
-37.800E-03,-1.045226E+00,-482.412E-03
-37.700E-03,-1.005025E+00,-517.588E-03
-37.600E-03,-1.045226E+00,-562.814E-03
-37.500E-03,-1.045226E+00,-517.588E-03
-37.400E-03,-964.824E-03,-562.814E-03
-37.300E-03,-1.005025E+00,-562.814E-03
-37.200E-03,-1.045226E+00,-562.814E-03
-37.100E-03,-1.000000E+00,-562.814E-03
-37.000E-03,-1.045226E+00,-562.814E-03
-36.900E-03,-1.045226E+00,-562.814E-03
-36.800E-03,-1.040201E+00,-638.191E-03
-36.700E-03,-1.000000E+00,-562.814E-03
-36.600E-03,-1.045226E+00,-562.814E-03
-36.500E-03,-1.000000E+00,-643.216E-03
-36.400E-03,-1.040201E+00,-638.191E-03
-36.300E-03,-1.045226E+00,-643.216E-03
-36.200E-03,-1.040201E+00,-643.216E-03
-36.100E-03,-1.005025E+00,-643.216E-03
-36.000E-03,-1.045226E+00,-643.216E-03
-35.900E-03,-1.000000E+00,-678.392E-03
-35.800E-03,-964.824E-03,-718.593E-03
-35.700E-03,-1.000000E+00,-643.216E-03
-35.600E-03,-964.824E-03,-643.216E-03
-35.500E-03,-1.045226E+00,-683.417E-03
-35.400E-03,-1.040201E+00,-643.216E-03
-35.300E-03,-1.045226E+00,-643.216E-03
-35.200E-03,-964.824E-03,-718.593E-03
-35.100E-03,-1.045226E+00,-643.216E-03
-35.000E-03,-1.045226E+00,-643.216E-03
-34.900E-03,-1.005025E+00,-723.618E-03
-34.800E-03,-1.045226E+00,-723.618E-03
-34.700E-03,-964.824E-03,-723.618E-03
-34.600E-03,-964.824E-03,-723.618E-03
-34.500E-03,-1.000000E+00,-723.618E-03
-34.400E-03,-1.045226E+00,-723.618E-03
-34.300E-03,-964.824E-03,-723.618E-03
-34.200E-03,-1.040201E+00,-723.618E-03
-34.100E-03,-1.045226E+00,-723.618E-03
-34.000E-03,-1.040201E+00,-723.618E-03
-33.900E-03,-1.000000E+00,-723.618E-03
-33.800E-03,-1.040201E+00,-798.995E-03
-33.700E-03,-1.045226E+00,-804.020E-03
-33.600E-03,-1.045226E+00,-798.995E-03
-33.500E-03,-1.005025E+00,-723.618E-03
-33.400E-03,-1.045226E+00,-798.995E-03
-33.300E-03,-1.005025E+00,-763.819E-03
-33.200E-03,-964.824E-03,-804.020E-03
-33.100E-03,-1.000000E+00,-763.819E-03
-33.000E-03,-1.045226E+00,-804.020E-03
-32.900E-03,-1.005025E+00,-804.020E-03
-32.800E-03,-1.045226E+00,-804.020E-03
-32.700E-03,-1.045226E+00,-804.020E-03
-32.600E-03,-1.040201E+00,-723.618E-03
-32.500E-03,-1.000000E+00,-804.020E-03
-32.400E-03,-964.824E-03,-804.020E-03
-32.300E-03,-1.045226E+00,-758.794E-03
-32.200E-03,-1.045226E+00,-804.020E-03
-32.100E-03,-1.045226E+00,-804.020E-03
-32.000E-03,-964.824E-03,-804.020E-03
-31.900E-03,-1.000000E+00,-804.020E-03
-31.800E-03,-964.824E-03,-804.020E-03
-31.700E-03,-1.005025E+00,-804.020E-03
-31.600E-03,-1.040201E+00,-879.397E-03
-31.500E-03,-1.005025E+00,-804.020E-03
-31.400E-03,-1.045226E+00,-804.020E-03
-31.300E-03,-1.005025E+00,-804.020E-03
-31.200E-03,-1.045226E+00,-804.020E-03
-31.100E-03,-1.045226E+00,-804.020E-03
-31.000E-03,-1.045226E+00,-804.020E-03
-30.900E-03,-1.005025E+00,-804.020E-03
-30.800E-03,-1.040201E+00,-804.020E-03
-30.700E-03,-1.045226E+00,-804.020E-03
-30.600E-03,-1.040201E+00,-804.020E-03
-30.500E-03,-1.000000E+00,-804.020E-03
-30.400E-03,-1.045226E+00,-804.020E-03
-30.300E-03,-1.045226E+00,-804.020E-03
-30.200E-03,-1.045226E+00,-884.422E-03
-30.100E-03,-1.045226E+00,-804.020E-03
-30.000E-03,-964.824E-03,-804.020E-03
-29.900E-03,-1.045226E+00,-804.020E-03
-29.800E-03,-1.045226E+00,-884.422E-03
-29.700E-03,-1.045226E+00,-844.221E-03
-29.600E-03,-1.040201E+00,-804.020E-03
-29.500E-03,-1.045226E+00,-884.422E-03
-29.400E-03,-1.045226E+00,-884.422E-03
-29.300E-03,-1.005025E+00,-884.422E-03
-29.200E-03,-1.045226E+00,-884.422E-03
-29.100E-03,-1.005025E+00,-844.221E-03
-29.000E-03,-1.045226E+00,-804.020E-03
-28.900E-03,-1.000000E+00,-804.020E-03
-28.800E-03,-964.824E-03,-884.422E-03
-28.700E-03,-1.045226E+00,-884.422E-03
-28.600E-03,-1.045226E+00,-884.422E-03
-28.500E-03,-1.005025E+00,-884.422E-03
-28.400E-03,-964.824E-03,-884.422E-03
-28.300E-03,-1.005025E+00,-884.422E-03
-28.200E-03,-1.040201E+00,-884.422E-03
-28.100E-03,-964.824E-03,-924.623E-03
-28.000E-03,-1.040201E+00,-884.422E-03
-27.900E-03,-1.000000E+00,-839.196E-03
-27.800E-03,-1.040201E+00,-884.422E-03
-27.700E-03,-1.045226E+00,-884.422E-03
-27.600E-03,-964.824E-03,-804.020E-03
-27.500E-03,-1.045226E+00,-884.422E-03
-27.400E-03,-1.045226E+00,-884.422E-03
-27.300E-03,-1.045226E+00,-884.422E-03
-27.200E-03,-1.045226E+00,-884.422E-03
-27.100E-03,-1.045226E+00,-884.422E-03
-27.000E-03,-964.824E-03,-879.397E-03
-26.900E-03,-1.045226E+00,-884.422E-03
-26.800E-03,-1.045226E+00,-884.422E-03
-26.700E-03,-1.045226E+00,-884.422E-03
-26.600E-03,-1.045226E+00,-884.422E-03
-26.500E-03,-964.824E-03,-884.422E-03
-26.400E-03,-1.045226E+00,-884.422E-03
-26.300E-03,-1.045226E+00,-884.422E-03
-26.200E-03,-1.045226E+00,-884.422E-03
-26.100E-03,-1.000000E+00,-884.422E-03
-26.000E-03,-964.824E-03,-884.422E-03
-25.900E-03,-1.045226E+00,-884.422E-03
-25.800E-03,-1.040201E+00,-884.422E-03
-25.700E-03,-1.045226E+00,-884.422E-03
-25.600E-03,-1.045226E+00,-884.422E-03
-25.500E-03,-1.045226E+00,-884.422E-03
-25.400E-03,-1.045226E+00,-884.422E-03
-25.300E-03,-1.045226E+00,-884.422E-03
-25.200E-03,-1.045226E+00,-884.422E-03
-25.100E-03,-1.045226E+00,-844.221E-03
-25.000E-03,-964.824E-03,-884.422E-03
-24.900E-03,-1.045226E+00,-884.422E-03
-24.800E-03,-1.045226E+00,-884.422E-03
-24.700E-03,-1.005025E+00,-919.598E-03
-24.600E-03,-1.040201E+00,-884.422E-03
-24.500E-03,-1.045226E+00,-884.422E-03
-24.400E-03,-1.045226E+00,-884.422E-03
-24.300E-03,-1.045226E+00,-884.422E-03
-24.200E-03,-964.824E-03,-884.422E-03
-24.100E-03,-1.000000E+00,-884.422E-03
-24.000E-03,-1.040201E+00,-884.422E-03
-23.900E-03,-1.005025E+00,-924.623E-03
-23.800E-03,-1.045226E+00,-884.422E-03
-23.700E-03,-1.005025E+00,-884.422E-03
-23.600E-03,-1.045226E+00,-884.422E-03
-23.500E-03,-1.000000E+00,-884.422E-03
-23.400E-03,-1.045226E+00,-884.422E-03
-23.300E-03,-1.005025E+00,-924.623E-03
-23.200E-03,-1.045226E+00,-884.422E-03
-23.100E-03,-1.005025E+00,-924.623E-03
-23.000E-03,-1.045226E+00,-884.422E-03
-22.900E-03,-1.045226E+00,-884.422E-03
-22.800E-03,-964.824E-03,-959.799E-03
-22.700E-03,-1.045226E+00,-884.422E-03
-22.600E-03,-1.045226E+00,-959.799E-03
-22.500E-03,-1.005025E+00,-884.422E-03
-22.400E-03,-1.045226E+00,-884.422E-03
-22.300E-03,-1.000000E+00,-924.623E-03
-22.200E-03,-1.045226E+00,-884.422E-03
-22.100E-03,-1.045226E+00,-884.422E-03
-22.000E-03,-1.045226E+00,-884.422E-03
-21.900E-03,-1.045226E+00,-884.422E-03
-21.800E-03,-1.045226E+00,-884.422E-03
-21.700E-03,-1.000000E+00,-919.598E-03
-21.600E-03,-1.045226E+00,-884.422E-03
-21.500E-03,-1.045226E+00,-924.623E-03
-21.400E-03,-1.045226E+00,-964.824E-03
-21.300E-03,-1.000000E+00,-924.623E-03
-21.200E-03,-1.045226E+00,-884.422E-03
-21.100E-03,-1.005025E+00,-884.422E-03
-21.000E-03,-964.824E-03,-884.422E-03
-20.900E-03,-1.045226E+00,-884.422E-03
-20.800E-03,-1.045226E+00,-884.422E-03
-20.700E-03,-1.045226E+00,-884.422E-03
-20.600E-03,-1.045226E+00,-884.422E-03
-20.500E-03,-1.000000E+00,-884.422E-03
-20.400E-03,-1.045226E+00,-884.422E-03
-20.300E-03,-1.005025E+00,-884.422E-03
-20.200E-03,-964.824E-03,-884.422E-03
-20.100E-03,-1.045226E+00,-884.422E-03
-20.000E-03,-1.045226E+00,-884.422E-03
-19.900E-03,-1.000000E+00,-924.623E-03
-19.800E-03,-1.040201E+00,-884.422E-03
-19.700E-03,-1.045226E+00,-919.598E-03
-19.600E-03,-1.045226E+00,-884.422E-03
-19.500E-03,-1.045226E+00,-884.422E-03
-19.400E-03,-1.045226E+00,-959.799E-03
-19.300E-03,-1.045226E+00,-884.422E-03
-19.200E-03,-1.045226E+00,-884.422E-03
-19.100E-03,-1.005025E+00,-924.623E-03
-19.000E-03,-964.824E-03,-959.799E-03
-18.900E-03,-1.045226E+00,-919.598E-03
-18.800E-03,-1.045226E+00,-964.824E-03
-18.700E-03,-1.045226E+00,-919.598E-03
-18.600E-03,-1.045226E+00,-959.799E-03
-18.500E-03,-1.045226E+00,-964.824E-03
-18.400E-03,-964.824E-03,-959.799E-03
-18.300E-03,-1.045226E+00,-964.824E-03
-18.200E-03,-1.045226E+00,-884.422E-03
-18.100E-03,-1.000000E+00,-964.824E-03
-18.000E-03,-1.045226E+00,-884.422E-03
-17.900E-03,-1.005025E+00,-964.824E-03
-17.800E-03,-1.040201E+00,-884.422E-03
-17.700E-03,-1.045226E+00,-924.623E-03
-17.600E-03,-1.045226E+00,-884.422E-03
-17.500E-03,-1.000000E+00,-884.422E-03
-17.400E-03,-1.040201E+00,-884.422E-03
-17.300E-03,-1.000000E+00,-919.598E-03
-17.200E-03,-1.045226E+00,-959.799E-03
-17.100E-03,-1.000000E+00,-964.824E-03
-17.000E-03,-964.824E-03,-884.422E-03
-16.900E-03,-1.045226E+00,-919.598E-03
-16.800E-03,-1.040201E+00,-964.824E-03
-16.700E-03,-1.045226E+00,-924.623E-03
-16.600E-03,-964.824E-03,-884.422E-03
-16.500E-03,-1.045226E+00,-884.422E-03
-16.400E-03,-1.045226E+00,-884.422E-03
-16.300E-03,-1.005025E+00,-919.598E-03
-16.200E-03,-964.824E-03,-964.824E-03
-16.100E-03,-1.045226E+00,-964.824E-03
-16.000E-03,-1.045226E+00,-884.422E-03
-15.900E-03,-1.005025E+00,-884.422E-03
-15.800E-03,-1.045226E+00,-884.422E-03
-15.700E-03,-1.000000E+00,-964.824E-03
-15.600E-03,-1.045226E+00,-959.799E-03
-15.500E-03,-1.045226E+00,-964.824E-03
-15.400E-03,-1.040201E+00,-884.422E-03
-15.300E-03,-1.045226E+00,-884.422E-03
-15.200E-03,-1.045226E+00,-884.422E-03
-15.100E-03,-1.005025E+00,-884.422E-03
-15.000E-03,-1.045226E+00,-964.824E-03
-14.900E-03,-1.045226E+00,-919.598E-03
-14.800E-03,-1.045226E+00,-884.422E-03
-14.700E-03,-964.824E-03,-919.598E-03
-14.600E-03,-1.045226E+00,-884.422E-03
-14.500E-03,-1.045226E+00,-964.824E-03
-14.400E-03,-964.824E-03,-959.799E-03
-14.300E-03,-1.000000E+00,-884.422E-03
-14.200E-03,-1.040201E+00,-959.799E-03
-14.100E-03,-1.045226E+00,-884.422E-03
-14.000E-03,-1.045226E+00,-884.422E-03
-13.900E-03,-1.045226E+00,-964.824E-03
-13.800E-03,-964.824E-03,-884.422E-03
-13.700E-03,-1.005025E+00,-964.824E-03
-13.600E-03,-964.824E-03,-884.422E-03
-13.500E-03,-1.045226E+00,-924.623E-03
-13.400E-03,-1.045226E+00,-884.422E-03
-13.300E-03,-1.005025E+00,-924.623E-03
-13.200E-03,-1.045226E+00,-959.799E-03
-13.100E-03,-1.045226E+00,-924.623E-03
-13.000E-03,-1.045226E+00,-884.422E-03
-12.900E-03,-1.005025E+00,-919.598E-03
-12.800E-03,-1.045226E+00,-884.422E-03
-12.700E-03,-1.045226E+00,-924.623E-03
-12.600E-03,-1.045226E+00,-884.422E-03
-12.500E-03,-1.005025E+00,-924.623E-03
-12.400E-03,-1.045226E+00,-964.824E-03
-12.300E-03,-1.045226E+00,-924.623E-03
-12.200E-03,-1.045226E+00,-884.422E-03
-12.100E-03,-1.045226E+00,-964.824E-03
-12.000E-03,-1.040201E+00,-959.799E-03
-11.900E-03,-1.045226E+00,-884.422E-03
-11.800E-03,-1.045226E+00,-964.824E-03
-11.700E-03,-1.045226E+00,-884.422E-03
-11.600E-03,-964.824E-03,-884.422E-03
-11.500E-03,-964.824E-03,-964.824E-03
-11.400E-03,-1.045226E+00,-884.422E-03
-11.300E-03,-1.045226E+00,-964.824E-03
-11.200E-03,-1.045226E+00,-964.824E-03
-11.100E-03,-1.045226E+00,-919.598E-03
-11.000E-03,-1.040201E+00,-964.824E-03
-10.900E-03,-1.000000E+00,-919.598E-03
-10.800E-03,-1.045226E+00,-964.824E-03
-10.700E-03,-1.045226E+00,-964.824E-03
-10.600E-03,-1.045226E+00,-964.824E-03
-10.500E-03,-1.045226E+00,-919.598E-03
-10.400E-03,-1.040201E+00,-964.824E-03
-10.300E-03,-1.000000E+00,-964.824E-03
-10.200E-03,-1.045226E+00,-884.422E-03
-10.100E-03,-1.000000E+00,-964.824E-03
-10.000E-03,-964.824E-03,-959.799E-03
-9.900E-03,-1.045226E+00,-884.422E-03
-9.800E-03,-1.045226E+00,-884.422E-03
-9.700E-03,-1.045226E+00,-884.422E-03
-9.600E-03,-1.040201E+00,-884.422E-03
-9.500E-03,-1.000000E+00,-964.824E-03
-9.400E-03,-1.045226E+00,-884.422E-03
-9.300E-03,-1.000000E+00,-919.598E-03
-9.200E-03,-1.040201E+00,-884.422E-03
-9.100E-03,-1.045226E+00,-919.598E-03
-9.000E-03,-1.045226E+00,-964.824E-03
-8.900E-03,-1.045226E+00,-884.422E-03
-8.800E-03,-1.045226E+00,-959.799E-03
-8.700E-03,-1.045226E+00,-884.422E-03
-8.600E-03,-1.045226E+00,-964.824E-03
-8.500E-03,-1.045226E+00,-964.824E-03
-8.400E-03,-1.045226E+00,-964.824E-03
-8.300E-03,-1.045226E+00,-964.824E-03
-8.200E-03,-964.824E-03,-959.799E-03
-8.100E-03,-1.005025E+00,-964.824E-03
-8.000E-03,-1.045226E+00,-959.799E-03
-7.900E-03,-1.045226E+00,-919.598E-03
-7.800E-03,-1.045226E+00,-964.824E-03
-7.700E-03,-1.045226E+00,-884.422E-03
-7.600E-03,-1.045226E+00,-884.422E-03
-7.500E-03,-1.005025E+00,-964.824E-03
-7.400E-03,-1.045226E+00,-884.422E-03
-7.300E-03,-1.000000E+00,-964.824E-03
-7.200E-03,-964.824E-03,-884.422E-03
-7.100E-03,-1.005025E+00,-884.422E-03
-7.000E-03,-964.824E-03,-964.824E-03
-6.900E-03,-1.045226E+00,-924.623E-03
-6.800E-03,-1.040201E+00,-964.824E-03
-6.700E-03,-1.005025E+00,-964.824E-03
-6.600E-03,-1.045226E+00,-884.422E-03
-6.500E-03,-1.045226E+00,-919.598E-03
-6.400E-03,-1.045226E+00,-964.824E-03
-6.300E-03,-1.045226E+00,-884.422E-03
-6.200E-03,-964.824E-03,-964.824E-03
-6.100E-03,-1.045226E+00,-924.623E-03
-6.000E-03,-1.045226E+00,-884.422E-03
-5.900E-03,-964.824E-03,-919.598E-03
-5.800E-03,-1.045226E+00,-964.824E-03
-5.700E-03,-1.005025E+00,-884.422E-03
-5.600E-03,-964.824E-03,-964.824E-03
-5.500E-03,-1.045226E+00,-964.824E-03
-5.400E-03,-1.045226E+00,-964.824E-03
-5.300E-03,-1.005025E+00,-919.598E-03
-5.200E-03,-1.045226E+00,-884.422E-03
-5.100E-03,-964.824E-03,-919.598E-03
-5.000E-03,-964.824E-03,-959.799E-03
-4.900E-03,-1.045226E+00,-924.623E-03
-4.800E-03,-964.824E-03,-959.799E-03
-4.700E-03,-1.045226E+00,-884.422E-03
-4.600E-03,-1.045226E+00,-884.422E-03
-4.500E-03,-1.045226E+00,-919.598E-03
-4.400E-03,-964.824E-03,-884.422E-03
-4.300E-03,-1.045226E+00,-919.598E-03
-4.200E-03,-1.045226E+00,-964.824E-03
-4.100E-03,-1.045226E+00,-924.623E-03
-4.000E-03,-964.824E-03,-884.422E-03
-3.900E-03,-1.000000E+00,-964.824E-03
-3.800E-03,-964.824E-03,-959.799E-03
-3.700E-03,-1.005025E+00,-964.824E-03
-3.600E-03,-1.045226E+00,-884.422E-03
-3.500E-03,-1.045226E+00,-964.824E-03
-3.400E-03,-1.045226E+00,-959.799E-03
-3.300E-03,-1.000000E+00,-924.623E-03
-3.200E-03,-964.824E-03,-959.799E-03
-3.100E-03,-1.045226E+00,-964.824E-03
-3.000E-03,-964.824E-03,-959.799E-03
-2.900E-03,-1.045226E+00,-924.623E-03
-2.800E-03,-1.045226E+00,-964.824E-03
-2.700E-03,-1.000000E+00,-884.422E-03
-2.600E-03,-1.045226E+00,-964.824E-03
-2.500E-03,-1.000000E+00,-924.623E-03
-2.400E-03,-1.045226E+00,-959.799E-03
-2.300E-03,-1.045226E+00,-964.824E-03
-2.200E-03,-1.045226E+00,-884.422E-03
-2.100E-03,-1.045226E+00,-884.422E-03
-2.000E-03,-1.040201E+00,-964.824E-03
-1.900E-03,-1.005025E+00,-964.824E-03
-1.800E-03,-1.045226E+00,-884.422E-03
-1.700E-03,-1.045226E+00,-964.824E-03
-1.600E-03,-964.824E-03,-964.824E-03
-1.500E-03,-1.000000E+00,-964.824E-03
-1.400E-03,-1.045226E+00,-884.422E-03
-1.300E-03,-1.000000E+00,-964.824E-03
-1.200E-03,-1.045226E+00,-884.422E-03
-1.100E-03,-1.085427E+00,-964.824E-03
-1.000E-03,-1.045226E+00,-959.799E-03
-900E-06,-1.045226E+00,-964.824E-03
-800E-06,-1.045226E+00,-884.422E-03
-700E-06,-1.045226E+00,-884.422E-03
-600E-06,-1.045226E+00,-964.824E-03
-500E-06,-1.045226E+00,-964.824E-03
-400E-06,-1.045226E+00,-964.824E-03
-300E-06,-1.005025E+00,-884.422E-03
-200E-06,-1.045226E+00,-964.824E-03
-100E-06,-1.000000E+00,-884.422E-03
+0.0E+00,+3.618090E+00,-884.422E-03
+100E-06,+3.738693E+00,-804.020E-03
+200E-06,+3.698492E+00,-723.618E-03
+300E-06,+3.698492E+00,-643.216E-03
+400E-06,+3.698492E+00,-562.814E-03
+500E-06,+3.698492E+00,-482.412E-03
+600E-06,+3.773869E+00,-402.010E-03
+700E-06,+3.698492E+00,-321.608E-03
+800E-06,+3.773869E+00,-241.206E-03
+900E-06,+3.698492E+00,-120.603E-03
+1.000E-03,+3.698492E+00,-80.402E-03
+1.100E-03,+3.698492E+00,+35.176E-03
+1.200E-03,+3.778894E+00,+155.779E-03
+1.300E-03,+3.733668E+00,+160.804E-03
+1.400E-03,+3.698492E+00,+241.206E-03
+1.500E-03,+3.698492E+00,+321.608E-03
+1.600E-03,+3.698492E+00,+402.010E-03
+1.700E-03,+3.698492E+00,+442.211E-03
+1.800E-03,+3.778894E+00,+562.814E-03
+1.900E-03,+3.733668E+00,+603.015E-03
+2.000E-03,+3.698492E+00,+643.216E-03
+2.100E-03,+3.698492E+00,+723.618E-03
+2.200E-03,+3.773869E+00,+723.618E-03
+2.300E-03,+3.698492E+00,+804.020E-03
+2.400E-03,+3.698492E+00,+884.422E-03
+2.500E-03,+3.733668E+00,+964.824E-03
+2.600E-03,+3.698492E+00,+1.045226E+00
+2.700E-03,+3.698492E+00,+1.045226E+00
+2.800E-03,+3.698492E+00,+1.125628E+00
+2.900E-03,+3.698492E+00,+1.165829E+00
+3.000E-03,+3.698492E+00,+1.206030E+00
+3.100E-03,+3.778894E+00,+1.286432E+00
+3.200E-03,+3.698492E+00,+1.286432E+00
+3.300E-03,+3.738693E+00,+1.407035E+00
+3.400E-03,+3.773869E+00,+1.447236E+00
+3.500E-03,+3.778894E+00,+1.527638E+00
+3.600E-03,+3.773869E+00,+1.527638E+00
+3.700E-03,+3.698492E+00,+1.562814E+00
+3.800E-03,+3.698492E+00,+1.608040E+00
+3.900E-03,+3.698492E+00,+1.688442E+00
+4.000E-03,+3.773869E+00,+1.688442E+00
+4.100E-03,+3.738693E+00,+1.768844E+00
+4.200E-03,+3.698492E+00,+1.768844E+00
+4.300E-03,+3.733668E+00,+1.804020E+00
+4.400E-03,+3.698492E+00,+1.924623E+00
+4.500E-03,+3.698492E+00,+1.929648E+00
+4.600E-03,+3.698492E+00,+1.929648E+00
+4.700E-03,+3.778894E+00,+2.010050E+00
+4.800E-03,+3.698492E+00,+2.010050E+00
+4.900E-03,+3.733668E+00,+2.090452E+00
+5.000E-03,+3.698492E+00,+2.090452E+00
+5.100E-03,+3.698492E+00,+2.125628E+00
+5.200E-03,+3.698492E+00,+2.170854E+00
+5.300E-03,+3.738693E+00,+2.170854E+00
+5.400E-03,+3.778894E+00,+2.251256E+00
+5.500E-03,+3.698492E+00,+2.251256E+00
+5.600E-03,+3.698492E+00,+2.331658E+00
+5.700E-03,+3.778894E+00,+2.331658E+00
+5.800E-03,+3.778894E+00,+2.331658E+00
+5.900E-03,+3.733668E+00,+2.366834E+00
+6.000E-03,+3.778894E+00,+2.412060E+00
+6.100E-03,+3.738693E+00,+2.452261E+00
+6.200E-03,+3.778894E+00,+2.412060E+00
+6.300E-03,+3.738693E+00,+2.492462E+00
+6.400E-03,+3.773869E+00,+2.572864E+00
+6.500E-03,+3.733668E+00,+2.572864E+00
+6.600E-03,+3.698492E+00,+2.572864E+00
+6.700E-03,+3.733668E+00,+2.608040E+00
+6.800E-03,+3.773869E+00,+2.653266E+00
+6.900E-03,+3.778894E+00,+2.653266E+00
+7.000E-03,+3.698492E+00,+2.653266E+00
+7.100E-03,+3.778894E+00,+2.733668E+00
+7.200E-03,+3.778894E+00,+2.733668E+00
+7.300E-03,+3.738693E+00,+2.733668E+00
+7.400E-03,+3.773869E+00,+2.733668E+00
+7.500E-03,+3.778894E+00,+2.773869E+00
+7.600E-03,+3.778894E+00,+2.814070E+00
+7.700E-03,+3.698492E+00,+2.814070E+00
+7.800E-03,+3.778894E+00,+2.894472E+00
+7.900E-03,+3.733668E+00,+2.894472E+00
+8.000E-03,+3.773869E+00,+2.894472E+00
+8.100E-03,+3.738693E+00,+2.894472E+00
+8.200E-03,+3.773869E+00,+2.974874E+00
+8.300E-03,+3.698492E+00,+2.974874E+00
+8.400E-03,+3.778894E+00,+2.974874E+00
+8.500E-03,+3.733668E+00,+2.974874E+00
+8.600E-03,+3.773869E+00,+2.974874E+00
+8.700E-03,+3.738693E+00,+3.015075E+00
+8.800E-03,+3.698492E+00,+3.055276E+00
+8.900E-03,+3.778894E+00,+3.055276E+00
+9.000E-03,+3.778894E+00,+3.055276E+00
+9.100E-03,+3.778894E+00,+3.055276E+00
+9.200E-03,+3.778894E+00,+3.130653E+00
+9.300E-03,+3.778894E+00,+3.135678E+00
+9.400E-03,+3.778894E+00,+3.135678E+00
+9.500E-03,+3.698492E+00,+3.135678E+00
+9.600E-03,+3.778894E+00,+3.135678E+00
+9.700E-03,+3.778894E+00,+3.175879E+00
+9.800E-03,+3.698492E+00,+3.216080E+00
+9.900E-03,+3.733668E+00,+3.170854E+00
+10.000E-03,+3.778894E+00,+3.216080E+00
+10.100E-03,+3.738693E+00,+3.251256E+00
+10.200E-03,+3.698492E+00,+3.216080E+00
+10.300E-03,+3.778894E+00,+3.256281E+00
+10.400E-03,+3.773869E+00,+3.216080E+00
+10.500E-03,+3.698492E+00,+3.296482E+00
+10.600E-03,+3.778894E+00,+3.296482E+00
+10.700E-03,+3.778894E+00,+3.296482E+00
+10.800E-03,+3.778894E+00,+3.296482E+00
+10.900E-03,+3.778894E+00,+3.296482E+00
+11.000E-03,+3.778894E+00,+3.296482E+00
+11.100E-03,+3.778894E+00,+3.376884E+00
+11.200E-03,+3.698492E+00,+3.376884E+00
+11.300E-03,+3.738693E+00,+3.376884E+00
+11.400E-03,+3.773869E+00,+3.376884E+00
+11.500E-03,+3.733668E+00,+3.376884E+00
+11.600E-03,+3.778894E+00,+3.376884E+00
+11.700E-03,+3.778894E+00,+3.412060E+00
+11.800E-03,+3.778894E+00,+3.376884E+00
+11.900E-03,+3.738693E+00,+3.457286E+00
+12.000E-03,+3.773869E+00,+3.457286E+00
+12.100E-03,+3.733668E+00,+3.457286E+00
+12.200E-03,+3.698492E+00,+3.457286E+00
+12.300E-03,+3.778894E+00,+3.457286E+00
+12.400E-03,+3.698492E+00,+3.457286E+00
+12.500E-03,+3.778894E+00,+3.457286E+00
+12.600E-03,+3.698492E+00,+3.457286E+00
+12.700E-03,+3.738693E+00,+3.457286E+00
+12.800E-03,+3.773869E+00,+3.532663E+00
+12.900E-03,+3.778894E+00,+3.497487E+00
+13.000E-03,+3.778894E+00,+3.532663E+00
+13.100E-03,+3.733668E+00,+3.537688E+00
+13.200E-03,+3.698492E+00,+3.537688E+00
+13.300E-03,+3.733668E+00,+3.537688E+00
+13.400E-03,+3.778894E+00,+3.537688E+00
+13.500E-03,+3.778894E+00,+3.577889E+00
+13.600E-03,+3.698492E+00,+3.457286E+00
+13.700E-03,+3.733668E+00,+3.537688E+00
+13.800E-03,+3.778894E+00,+3.537688E+00
+13.900E-03,+3.778894E+00,+3.577889E+00
+14.000E-03,+3.778894E+00,+3.537688E+00
+14.100E-03,+3.733668E+00,+3.537688E+00
+14.200E-03,+3.778894E+00,+3.613065E+00
+14.300E-03,+3.738693E+00,+3.618090E+00
+14.400E-03,+3.773869E+00,+3.537688E+00
+14.500E-03,+3.778894E+00,+3.618090E+00
+14.600E-03,+3.778894E+00,+3.618090E+00
+14.700E-03,+3.733668E+00,+3.618090E+00
+14.800E-03,+3.778894E+00,+3.618090E+00
+14.900E-03,+3.778894E+00,+3.618090E+00
+15.000E-03,+3.698492E+00,+3.618090E+00
+15.100E-03,+3.778894E+00,+3.653266E+00
+15.200E-03,+3.778894E+00,+3.618090E+00
+15.300E-03,+3.778894E+00,+3.618090E+00
+15.400E-03,+3.698492E+00,+3.618090E+00
+15.500E-03,+3.778894E+00,+3.618090E+00
+15.600E-03,+3.778894E+00,+3.618090E+00
+15.700E-03,+3.778894E+00,+3.618090E+00
+15.800E-03,+3.698492E+00,+3.698492E+00
+15.900E-03,+3.738693E+00,+3.658291E+00
+16.000E-03,+3.778894E+00,+3.698492E+00
+16.100E-03,+3.738693E+00,+3.698492E+00
+16.200E-03,+3.698492E+00,+3.693467E+00
+16.300E-03,+3.778894E+00,+3.618090E+00
+16.400E-03,+3.778894E+00,+3.698492E+00
+16.500E-03,+3.778894E+00,+3.698492E+00
+16.600E-03,+3.778894E+00,+3.698492E+00
+16.700E-03,+3.778894E+00,+3.698492E+00
+16.800E-03,+3.698492E+00,+3.698492E+00
+16.900E-03,+3.778894E+00,+3.698492E+00
+17.000E-03,+3.698492E+00,+3.698492E+00
+17.100E-03,+3.778894E+00,+3.738693E+00
+17.200E-03,+3.778894E+00,+3.698492E+00
+17.300E-03,+3.698492E+00,+3.698492E+00
+17.400E-03,+3.773869E+00,+3.698492E+00
+17.500E-03,+3.698492E+00,+3.698492E+00
+17.600E-03,+3.698492E+00,+3.698492E+00
+17.700E-03,+3.738693E+00,+3.698492E+00
+17.800E-03,+3.698492E+00,+3.698492E+00
+17.900E-03,+3.778894E+00,+3.778894E+00
+18.000E-03,+3.698492E+00,+3.773869E+00
+18.100E-03,+3.733668E+00,+3.698492E+00
+18.200E-03,+3.778894E+00,+3.698492E+00
+18.300E-03,+3.738693E+00,+3.733668E+00
+18.400E-03,+3.778894E+00,+3.698492E+00
+18.500E-03,+3.698492E+00,+3.778894E+00
+18.600E-03,+3.773869E+00,+3.778894E+00
+18.700E-03,+3.778894E+00,+3.738693E+00
+18.800E-03,+3.778894E+00,+3.778894E+00
+18.900E-03,+3.778894E+00,+3.733668E+00
+19.000E-03,+3.778894E+00,+3.778894E+00
+19.100E-03,+3.778894E+00,+3.738693E+00
+19.200E-03,+3.778894E+00,+3.778894E+00
+19.300E-03,+3.778894E+00,+3.778894E+00
+19.400E-03,+3.778894E+00,+3.778894E+00
+19.500E-03,+3.778894E+00,+3.778894E+00
+19.600E-03,+3.773869E+00,+3.778894E+00
+19.700E-03,+3.778894E+00,+3.778894E+00
+19.800E-03,+3.778894E+00,+3.778894E+00
+19.900E-03,+3.778894E+00,+3.778894E+00
+20.000E-03,+3.778894E+00,+3.778894E+00
+20.100E-03,+3.738693E+00,+3.778894E+00
+20.200E-03,+3.778894E+00,+3.778894E+00
+20.300E-03,+3.778894E+00,+3.778894E+00
+20.400E-03,+3.773869E+00,+3.778894E+00
+20.500E-03,+3.738693E+00,+3.738693E+00
+20.600E-03,+3.778894E+00,+3.778894E+00
+20.700E-03,+3.778894E+00,+3.778894E+00
+20.800E-03,+3.778894E+00,+3.778894E+00
+20.900E-03,+3.778894E+00,+3.778894E+00
+21.000E-03,+3.778894E+00,+3.778894E+00
+21.100E-03,+3.778894E+00,+3.778894E+00
+21.200E-03,+3.698492E+00,+3.778894E+00
+21.300E-03,+3.733668E+00,+3.778894E+00
+21.400E-03,+3.698492E+00,+3.778894E+00
+21.500E-03,+3.778894E+00,+3.778894E+00
+21.600E-03,+3.778894E+00,+3.778894E+00
+21.700E-03,+3.733668E+00,+3.778894E+00
+21.800E-03,+3.698492E+00,+3.778894E+00
+21.900E-03,+3.778894E+00,+3.819095E+00
+22.000E-03,+3.778894E+00,+3.778894E+00
+22.100E-03,+3.738693E+00,+3.778894E+00
+22.200E-03,+3.698492E+00,+3.778894E+00
+22.300E-03,+3.778894E+00,+3.778894E+00
+22.400E-03,+3.778894E+00,+3.778894E+00
+22.500E-03,+3.778894E+00,+3.859296E+00
+22.600E-03,+3.773869E+00,+3.778894E+00
+22.700E-03,+3.778894E+00,+3.778894E+00
+22.800E-03,+3.778894E+00,+3.778894E+00
+22.900E-03,+3.778894E+00,+3.814070E+00
+23.000E-03,+3.778894E+00,+3.778894E+00
+23.100E-03,+3.778894E+00,+3.814070E+00
+23.200E-03,+3.698492E+00,+3.778894E+00
+23.300E-03,+3.733668E+00,+3.819095E+00
+23.400E-03,+3.778894E+00,+3.778894E+00
+23.500E-03,+3.778894E+00,+3.778894E+00
+23.600E-03,+3.778894E+00,+3.778894E+00
+23.700E-03,+3.778894E+00,+3.859296E+00
+23.800E-03,+3.778894E+00,+3.778894E+00
+23.900E-03,+3.738693E+00,+3.778894E+00
+24.000E-03,+3.778894E+00,+3.778894E+00
+24.100E-03,+3.733668E+00,+3.814070E+00
+24.200E-03,+3.778894E+00,+3.778894E+00
+24.300E-03,+3.738693E+00,+3.814070E+00
+24.400E-03,+3.778894E+00,+3.859296E+00
+24.500E-03,+3.778894E+00,+3.819095E+00
+24.600E-03,+3.778894E+00,+3.778894E+00
+24.700E-03,+3.733668E+00,+3.859296E+00
+24.800E-03,+3.778894E+00,+3.778894E+00
+24.900E-03,+3.738693E+00,+3.778894E+00
+25.000E-03,+3.854271E+00,+3.859296E+00
+25.100E-03,+3.778894E+00,+3.859296E+00
+25.200E-03,+3.778894E+00,+3.778894E+00
+25.300E-03,+3.778894E+00,+3.859296E+00
+25.400E-03,+3.778894E+00,+3.854271E+00
+25.500E-03,+3.733668E+00,+3.819095E+00
+25.600E-03,+3.778894E+00,+3.859296E+00
+25.700E-03,+3.733668E+00,+3.819095E+00
+25.800E-03,+3.778894E+00,+3.778894E+00
+25.900E-03,+3.778894E+00,+3.859296E+00
+26.000E-03,+3.778894E+00,+3.854271E+00
+26.100E-03,+3.733668E+00,+3.814070E+00
+26.200E-03,+3.773869E+00,+3.859296E+00
+26.300E-03,+3.778894E+00,+3.814070E+00
+26.400E-03,+3.778894E+00,+3.854271E+00
+26.500E-03,+3.778894E+00,+3.859296E+00
+26.600E-03,+3.773869E+00,+3.859296E+00
+26.700E-03,+3.778894E+00,+3.819095E+00
+26.800E-03,+3.778894E+00,+3.778894E+00
+26.900E-03,+3.778894E+00,+3.859296E+00
+27.000E-03,+3.778894E+00,+3.859296E+00
+27.100E-03,+3.778894E+00,+3.819095E+00
+27.200E-03,+3.778894E+00,+3.859296E+00
+27.300E-03,+3.778894E+00,+3.859296E+00
+27.400E-03,+3.698492E+00,+3.859296E+00
+27.500E-03,+3.778894E+00,+3.814070E+00
+27.600E-03,+3.698492E+00,+3.859296E+00
+27.700E-03,+3.778894E+00,+3.859296E+00
+27.800E-03,+3.773869E+00,+3.859296E+00
+27.900E-03,+3.778894E+00,+3.859296E+00
+28.000E-03,+3.698492E+00,+3.859296E+00
+28.100E-03,+3.778894E+00,+3.819095E+00
+28.200E-03,+3.773869E+00,+3.854271E+00
+28.300E-03,+3.778894E+00,+3.859296E+00
+28.400E-03,+3.778894E+00,+3.859296E+00
+28.500E-03,+3.733668E+00,+3.859296E+00
+28.600E-03,+3.773869E+00,+3.778894E+00
+28.700E-03,+3.738693E+00,+3.859296E+00
+28.800E-03,+3.778894E+00,+3.859296E+00
+28.900E-03,+3.778894E+00,+3.778894E+00
+29.000E-03,+3.698492E+00,+3.859296E+00
+29.100E-03,+3.698492E+00,+3.859296E+00
+29.200E-03,+3.778894E+00,+3.859296E+00
+29.300E-03,+3.698492E+00,+3.819095E+00
+29.400E-03,+3.698492E+00,+3.859296E+00
+29.500E-03,+3.778894E+00,+3.859296E+00
+29.600E-03,+3.778894E+00,+3.859296E+00
+29.700E-03,+3.733668E+00,+3.814070E+00
+29.800E-03,+3.778894E+00,+3.778894E+00
+29.900E-03,+3.778894E+00,+3.814070E+00
+30.000E-03,+3.854271E+00,+3.859296E+00
+30.100E-03,+3.778894E+00,+3.814070E+00
+30.200E-03,+3.698492E+00,+3.859296E+00
+30.300E-03,+3.738693E+00,+3.859296E+00
+30.400E-03,+3.778894E+00,+3.859296E+00
+30.500E-03,+3.778894E+00,+3.859296E+00
+30.600E-03,+3.778894E+00,+3.854271E+00
+30.700E-03,+3.778894E+00,+3.859296E+00
+30.800E-03,+3.778894E+00,+3.859296E+00
+30.900E-03,+3.733668E+00,+3.859296E+00
+31.000E-03,+3.773869E+00,+3.859296E+00
+31.100E-03,+3.733668E+00,+3.859296E+00
+31.200E-03,+3.773869E+00,+3.859296E+00
+31.300E-03,+3.733668E+00,+3.859296E+00
+31.400E-03,+3.778894E+00,+3.859296E+00
+31.500E-03,+3.778894E+00,+3.814070E+00
+31.600E-03,+3.773869E+00,+3.859296E+00
+31.700E-03,+3.738693E+00,+3.859296E+00
+31.800E-03,+3.698492E+00,+3.859296E+00
+31.900E-03,+3.778894E+00,+3.859296E+00
+32.000E-03,+3.698492E+00,+3.859296E+00
+32.100E-03,+3.778894E+00,+3.859296E+00
+32.200E-03,+3.778894E+00,+3.859296E+00
+32.300E-03,+3.778894E+00,+3.859296E+00
+32.400E-03,+3.773869E+00,+3.859296E+00
+32.500E-03,+3.733668E+00,+3.859296E+00
+32.600E-03,+3.778894E+00,+3.859296E+00
+32.700E-03,+3.733668E+00,+3.859296E+00
+32.800E-03,+3.698492E+00,+3.859296E+00
+32.900E-03,+3.778894E+00,+3.859296E+00
+33.000E-03,+3.778894E+00,+3.859296E+00
+33.100E-03,+3.778894E+00,+3.859296E+00
+33.200E-03,+3.698492E+00,+3.859296E+00
+33.300E-03,+3.814070E+00,+3.814070E+00
+33.400E-03,+3.778894E+00,+3.778894E+00
+33.500E-03,+3.738693E+00,+3.859296E+00
+33.600E-03,+3.778894E+00,+3.859296E+00
+33.700E-03,+3.778894E+00,+3.859296E+00
+33.800E-03,+3.698492E+00,+3.859296E+00
+33.900E-03,+3.778894E+00,+3.859296E+00
+34.000E-03,+3.773869E+00,+3.854271E+00
+34.100E-03,+3.778894E+00,+3.859296E+00
+34.200E-03,+3.778894E+00,+3.859296E+00
+34.300E-03,+3.778894E+00,+3.859296E+00
+34.400E-03,+3.778894E+00,+3.859296E+00
+34.500E-03,+3.698492E+00,+3.859296E+00
+34.600E-03,+3.773869E+00,+3.859296E+00
+34.700E-03,+3.738693E+00,+3.859296E+00
+34.800E-03,+3.773869E+00,+3.859296E+00
+34.900E-03,+3.733668E+00,+3.859296E+00
+35.000E-03,+3.773869E+00,+3.854271E+00
+35.100E-03,+3.733668E+00,+3.859296E+00
+35.200E-03,+3.778894E+00,+3.859296E+00
+35.300E-03,+3.733668E+00,+3.859296E+00
+35.400E-03,+3.778894E+00,+3.854271E+00
+35.500E-03,+3.733668E+00,+3.859296E+00
+35.600E-03,+3.698492E+00,+3.859296E+00
+35.700E-03,+3.778894E+00,+3.894472E+00
+35.800E-03,+3.778894E+00,+3.859296E+00
+35.900E-03,+3.733668E+00,+3.859296E+00
+36.000E-03,+3.773869E+00,+3.859296E+00
+36.100E-03,+3.778894E+00,+3.859296E+00
+36.200E-03,+3.698492E+00,+3.859296E+00
+36.300E-03,+3.778894E+00,+3.859296E+00
+36.400E-03,+3.698492E+00,+3.859296E+00
+36.500E-03,+3.698492E+00,+3.859296E+00
+36.600E-03,+3.773869E+00,+3.859296E+00
+36.700E-03,+3.778894E+00,+3.899497E+00
+36.800E-03,+3.778894E+00,+3.859296E+00
+36.900E-03,+3.738693E+00,+3.859296E+00
+37.000E-03,+3.698492E+00,+3.778894E+00
+37.100E-03,+3.778894E+00,+3.859296E+00
+37.200E-03,+3.778894E+00,+3.859296E+00
+37.300E-03,+3.733668E+00,+3.859296E+00
+37.400E-03,+3.778894E+00,+3.859296E+00
+37.500E-03,+3.733668E+00,+3.859296E+00
+37.600E-03,+3.773869E+00,+3.859296E+00
+37.700E-03,+3.778894E+00,+3.859296E+00
+37.800E-03,+3.778894E+00,+3.859296E+00
+37.900E-03,+3.778894E+00,+3.859296E+00
+38.000E-03,+3.698492E+00,+3.859296E+00
+38.100E-03,+3.778894E+00,+3.859296E+00
+38.200E-03,+3.698492E+00,+3.859296E+00
+38.300E-03,+3.733668E+00,+3.859296E+00
+38.400E-03,+3.778894E+00,+3.859296E+00
+38.500E-03,+3.778894E+00,+3.859296E+00
+38.600E-03,+3.778894E+00,+3.859296E+00
+38.700E-03,+3.778894E+00,+3.859296E+00
+38.800E-03,+3.773869E+00,+3.859296E+00
+38.900E-03,+3.778894E+00,+3.859296E+00
+39.000E-03,+3.778894E+00,+3.859296E+00
+39.100E-03,+3.738693E+00,+3.859296E+00
+39.200E-03,+3.778894E+00,+3.859296E+00
+39.300E-03,+3.778894E+00,+3.859296E+00
+39.400E-03,+3.778894E+00,+3.859296E+00
+39.500E-03,+3.733668E+00,+3.859296E+00
+39.600E-03,+3.778894E+00,+3.859296E+00
+39.700E-03,+3.738693E+00,+3.859296E+00
+39.800E-03,+3.778894E+00,+3.859296E+00
+39.900E-03,+3.778894E+00,+3.819095E+00
+40.000E-03,+3.778894E+00,+3.859296E+00
+40.100E-03,+3.738693E+00,+3.859296E+00
+40.200E-03,+3.778894E+00,+3.859296E+00
+40.300E-03,+3.733668E+00,+3.859296E+00
+40.400E-03,+3.778894E+00,+3.859296E+00
+40.500E-03,+3.738693E+00,+3.859296E+00
+40.600E-03,+3.698492E+00,+3.859296E+00
+40.700E-03,+3.738693E+00,+3.859296E+00
+40.800E-03,+3.773869E+00,+3.859296E+00
+40.900E-03,+3.778894E+00,+3.859296E+00
+41.000E-03,+3.778894E+00,+3.859296E+00
+41.100E-03,+3.733668E+00,+3.859296E+00
+41.200E-03,+3.778894E+00,+3.859296E+00
+41.300E-03,+3.738693E+00,+3.859296E+00
+41.400E-03,+3.778894E+00,+3.859296E+00
+41.500E-03,+3.733668E+00,+3.859296E+00
+41.600E-03,+3.778894E+00,+3.859296E+00
+41.700E-03,+3.778894E+00,+3.859296E+00
+41.800E-03,+3.698492E+00,+3.859296E+00
+41.900E-03,+3.778894E+00,+3.859296E+00
+42.000E-03,+3.698492E+00,+3.859296E+00
+42.100E-03,+3.698492E+00,+3.859296E+00
+42.200E-03,+3.778894E+00,+3.859296E+00
+42.300E-03,+3.778894E+00,+3.859296E+00
+42.400E-03,+3.778894E+00,+3.859296E+00
+42.500E-03,+3.698492E+00,+3.859296E+00
+42.600E-03,+3.778894E+00,+3.859296E+00
+42.700E-03,+3.778894E+00,+3.859296E+00
+42.800E-03,+3.773869E+00,+3.859296E+00
+42.900E-03,+3.733668E+00,+3.859296E+00
+43.000E-03,+3.698492E+00,+3.859296E+00
+43.100E-03,+3.819095E+00,+3.859296E+00
+43.200E-03,+3.778894E+00,+3.859296E+00
+43.300E-03,+3.778894E+00,+3.859296E+00
+43.400E-03,+3.778894E+00,+3.859296E+00
+43.500E-03,+3.738693E+00,+3.894472E+00
+43.600E-03,+3.698492E+00,+3.859296E+00
+43.700E-03,+3.738693E+00,+3.859296E+00
+43.800E-03,+3.698492E+00,+3.859296E+00
+43.900E-03,+3.738693E+00,+3.859296E+00
+44.000E-03,+3.778894E+00,+3.859296E+00
+44.100E-03,+3.778894E+00,+3.859296E+00
+44.200E-03,+3.778894E+00,+3.859296E+00
+44.300E-03,+3.778894E+00,+3.859296E+00
+44.400E-03,+3.778894E+00,+3.859296E+00
+44.500E-03,+3.778894E+00,+3.859296E+00
+44.600E-03,+3.778894E+00,+3.859296E+00
+44.700E-03,+3.778894E+00,+3.859296E+00
+44.800E-03,+3.778894E+00,+3.859296E+00
+44.900E-03,+3.778894E+00,+3.859296E+00
+45.000E-03,+3.778894E+00,+3.859296E+00
+45.100E-03,+3.778894E+00,+3.859296E+00
+45.200E-03,+3.778894E+00,+3.859296E+00
+45.300E-03,+3.778894E+00,+3.859296E+00
+45.400E-03,+3.778894E+00,+3.859296E+00
+45.500E-03,+3.778894E+00,+3.859296E+00
+45.600E-03,+3.778894E+00,+3.859296E+00
+45.700E-03,+3.778894E+00,+3.894472E+00
+45.800E-03,+3.773869E+00,+3.778894E+00
+45.900E-03,+3.778894E+00,+3.859296E+00
+46.000E-03,+3.778894E+00,+3.859296E+00
+46.100E-03,+3.778894E+00,+3.859296E+00
+46.200E-03,+3.778894E+00,+3.859296E+00
+46.300E-03,+3.778894E+00,+3.859296E+00
+46.400E-03,+3.773869E+00,+3.859296E+00
+46.500E-03,+3.778894E+00,+3.859296E+00
+46.600E-03,+3.773869E+00,+3.859296E+00
+46.700E-03,+3.778894E+00,+3.859296E+00
+46.800E-03,+3.778894E+00,+3.859296E+00
+46.900E-03,+3.738693E+00,+3.859296E+00
+47.000E-03,+3.773869E+00,+3.859296E+00
+47.100E-03,+3.778894E+00,+3.859296E+00
+47.200E-03,+3.698492E+00,+3.854271E+00
+47.300E-03,+3.698492E+00,+3.859296E+00
+47.400E-03,+3.778894E+00,+3.859296E+00
+47.500E-03,+3.733668E+00,+3.859296E+00
+47.600E-03,+3.778894E+00,+3.859296E+00
+47.700E-03,+3.738693E+00,+3.859296E+00
+47.800E-03,+3.698492E+00,+3.934673E+00
+47.900E-03,+3.778894E+00,+3.859296E+00
+48.000E-03,+3.778894E+00,+3.859296E+00
+48.100E-03,+3.778894E+00,+3.894472E+00
+48.200E-03,+3.698492E+00,+3.859296E+00
+48.300E-03,+3.778894E+00,+3.859296E+00
+48.400E-03,+3.698492E+00,+3.859296E+00
+48.500E-03,+3.733668E+00,+3.859296E+00
+48.600E-03,+3.778894E+00,+3.859296E+00
+48.700E-03,+3.733668E+00,+3.859296E+00
+48.800E-03,+3.698492E+00,+3.859296E+00
+48.900E-03,+3.738693E+00,+3.859296E+00
+49.000E-03,+3.778894E+00,+3.859296E+00
+49.100E-03,+3.738693E+00,+3.859296E+00
+49.200E-03,+3.778894E+00,+3.859296E+00
+49.300E-03,+3.733668E+00,+3.859296E+00
+49.400E-03,+3.778894E+00,+3.859296E+00
+49.500E-03,+3.778894E+00,+3.859296E+00
+49.600E-03,+3.778894E+00,+3.859296E+00
+49.700E-03,+3.778894E+00,+3.859296E+00
+49.800E-03,+3.698492E+00,+3.859296E+00
+49.900E-03,+3.778894E+00,+3.859296E+00
+50.000E-03,-959.799E-03,+3.778894E+00
+50.100E-03,-964.824E-03,+3.698492E+00
+50.200E-03,-964.824E-03,+3.618090E+00
+50.300E-03,-964.824E-03,+3.537688E+00
+50.400E-03,-964.824E-03,+3.457286E+00
+50.500E-03,-964.824E-03,+3.376884E+00
+50.600E-03,-1.040201E+00,+3.296482E+00
+50.700E-03,-964.824E-03,+3.216080E+00
+50.800E-03,-1.040201E+00,+3.055276E+00
+50.900E-03,-964.824E-03,+3.055276E+00
+51.000E-03,-964.824E-03,+2.974874E+00
+51.100E-03,-1.005025E+00,+2.894472E+00
+51.200E-03,-1.045226E+00,+2.814070E+00
+51.300E-03,-1.005025E+00,+2.733668E+00
+51.400E-03,-1.040201E+00,+2.653266E+00
+51.500E-03,-964.824E-03,+2.572864E+00
+51.600E-03,-964.824E-03,+2.492462E+00
+51.700E-03,-1.000000E+00,+2.412060E+00
+51.800E-03,-1.040201E+00,+2.412060E+00
+51.900E-03,-964.824E-03,+2.286432E+00
+52.000E-03,-964.824E-03,+2.251256E+00
+52.100E-03,-1.005025E+00,+2.170854E+00
+52.200E-03,-964.824E-03,+2.090452E+00
+52.300E-03,-1.005025E+00,+2.010050E+00
+52.400E-03,-964.824E-03,+2.010050E+00
+52.500E-03,-1.045226E+00,+1.929648E+00
+52.600E-03,-1.045226E+00,+1.924623E+00
+52.700E-03,-1.005025E+00,+1.849246E+00
+52.800E-03,-884.422E-03,+1.768844E+00
+52.900E-03,-964.824E-03,+1.723618E+00
+53.000E-03,-964.824E-03,+1.688442E+00
+53.100E-03,-964.824E-03,+1.608040E+00
+53.200E-03,-964.824E-03,+1.527638E+00
+53.300E-03,-1.000000E+00,+1.527638E+00
+53.400E-03,-964.824E-03,+1.447236E+00
+53.500E-03,-1.005025E+00,+1.447236E+00
+53.600E-03,-1.040201E+00,+1.361809E+00
+53.700E-03,-1.005025E+00,+1.286432E+00
+53.800E-03,-1.045226E+00,+1.286432E+00
+53.900E-03,-1.005025E+00,+1.246231E+00
+54.000E-03,-1.040201E+00,+1.201005E+00
+54.100E-03,-1.005025E+00,+1.125628E+00
+54.200E-03,-964.824E-03,+1.125628E+00
+54.300E-03,-1.000000E+00,+1.080402E+00
+54.400E-03,-1.045226E+00,+1.045226E+00
+54.500E-03,-964.824E-03,+964.824E-03
+54.600E-03,-1.045226E+00,+964.824E-03
+54.700E-03,-964.824E-03,+924.623E-03
+54.800E-03,-1.045226E+00,+884.422E-03
+54.900E-03,-1.045226E+00,+844.221E-03
+55.000E-03,-1.045226E+00,+804.020E-03
+55.100E-03,-964.824E-03,+723.618E-03
+55.200E-03,-964.824E-03,+723.618E-03
+55.300E-03,-1.000000E+00,+678.392E-03
+55.400E-03,-964.824E-03,+643.216E-03
+55.500E-03,-1.000000E+00,+643.216E-03
+55.600E-03,-1.040201E+00,+638.191E-03
+55.700E-03,-1.000000E+00,+562.814E-03
+55.800E-03,-1.040201E+00,+562.814E-03
+55.900E-03,-1.005025E+00,+562.814E-03
+56.000E-03,-964.824E-03,+482.412E-03
+56.100E-03,-1.045226E+00,+437.186E-03
+56.200E-03,-1.040201E+00,+482.412E-03
+56.300E-03,-964.824E-03,+437.186E-03
+56.400E-03,-1.040201E+00,+402.010E-03
+56.500E-03,-964.824E-03,+321.608E-03
+56.600E-03,-1.045226E+00,+321.608E-03
+56.700E-03,-964.824E-03,+321.608E-03
+56.800E-03,-1.040201E+00,+241.206E-03
+56.900E-03,-964.824E-03,+241.206E-03
+57.000E-03,-1.045226E+00,+241.206E-03
+57.100E-03,-1.005025E+00,+160.804E-03
+57.200E-03,-1.040201E+00,+160.804E-03
+57.300E-03,-1.045226E+00,+160.804E-03
+57.400E-03,-964.824E-03,+160.804E-03
+57.500E-03,-1.045226E+00,+120.603E-03
+57.600E-03,-964.824E-03,+155.779E-03
+57.700E-03,-1.000000E+00,+80.402E-03
+57.800E-03,-1.045226E+00,+80.402E-03
+57.900E-03,-1.045226E+00,+0.0E+00
+58.000E-03,-964.824E-03,+0.0E+00
+58.100E-03,-1.045226E+00,+0.0E+00
+58.200E-03,-964.824E-03,+0.0E+00
+58.300E-03,-1.000000E+00,-80.402E-03
+58.400E-03,-1.045226E+00,-80.402E-03
+58.500E-03,-1.045226E+00,-80.402E-03
+58.600E-03,-1.040201E+00,-80.402E-03
+58.700E-03,-1.045226E+00,-80.402E-03
+58.800E-03,-1.040201E+00,-80.402E-03
+58.900E-03,-1.000000E+00,-160.804E-03
+59.000E-03,-1.045226E+00,-160.804E-03
+59.100E-03,-964.824E-03,-160.804E-03
+59.200E-03,-964.824E-03,-160.804E-03
+59.300E-03,-1.045226E+00,-160.804E-03
+59.400E-03,-964.824E-03,-241.206E-03
+59.500E-03,-1.000000E+00,-241.206E-03
+59.600E-03,-964.824E-03,-241.206E-03
+59.700E-03,-964.824E-03,-241.206E-03
+59.800E-03,-1.045226E+00,-241.206E-03
+59.900E-03,-964.824E-03,-321.608E-03
+60.000E-03,-1.045226E+00,-241.206E-03
+60.100E-03,-1.000000E+00,-321.608E-03
+60.200E-03,-964.824E-03,-321.608E-03
+60.300E-03,-1.005025E+00,-321.608E-03
+60.400E-03,-964.824E-03,-321.608E-03
+60.500E-03,-1.045226E+00,-356.784E-03
+60.600E-03,-1.040201E+00,-402.010E-03
+60.700E-03,-1.045226E+00,-356.784E-03
+60.800E-03,-964.824E-03,-402.010E-03
+60.900E-03,-1.005025E+00,-402.010E-03
+61.000E-03,-1.045226E+00,-402.010E-03
+61.100E-03,-1.000000E+00,-402.010E-03
+61.200E-03,-1.045226E+00,-402.010E-03
+61.300E-03,-1.005025E+00,-442.211E-03
+61.400E-03,-964.824E-03,-477.387E-03
+61.500E-03,-964.824E-03,-482.412E-03
+61.600E-03,-964.824E-03,-482.412E-03
+61.700E-03,-1.045226E+00,-482.412E-03
+61.800E-03,-1.045226E+00,-482.412E-03
+61.900E-03,-1.045226E+00,-482.412E-03
+62.000E-03,-964.824E-03,-482.412E-03
+62.100E-03,-1.045226E+00,-522.613E-03
+62.200E-03,-964.824E-03,-482.412E-03
+62.300E-03,-1.000000E+00,-562.814E-03
+62.400E-03,-1.040201E+00,-562.814E-03
+62.500E-03,-1.000000E+00,-562.814E-03
+62.600E-03,-1.045226E+00,-562.814E-03
+62.700E-03,-1.005025E+00,-517.588E-03
+62.800E-03,-1.045226E+00,-562.814E-03
+62.900E-03,-1.045226E+00,-562.814E-03
+63.000E-03,-964.824E-03,-562.814E-03
+63.100E-03,-1.045226E+00,-562.814E-03
+63.200E-03,-1.045226E+00,-638.191E-03
+63.300E-03,-1.005025E+00,-603.015E-03
+63.400E-03,-1.040201E+00,-562.814E-03
+63.500E-03,-1.000000E+00,-643.216E-03
+63.600E-03,-1.045226E+00,-643.216E-03
+63.700E-03,-1.005025E+00,-643.216E-03
+63.800E-03,-1.045226E+00,-643.216E-03
+63.900E-03,-1.045226E+00,-643.216E-03
+64.000E-03,-1.045226E+00,-643.216E-03
+64.100E-03,-1.045226E+00,-643.216E-03
+64.200E-03,-1.040201E+00,-643.216E-03
+64.300E-03,-1.005025E+00,-643.216E-03
+64.400E-03,-1.045226E+00,-643.216E-03
+64.500E-03,-1.045226E+00,-643.216E-03
+64.600E-03,-964.824E-03,-718.593E-03
+64.700E-03,-1.005025E+00,-643.216E-03
+64.800E-03,-1.040201E+00,-723.618E-03
+64.900E-03,-1.045226E+00,-723.618E-03
+65.000E-03,-1.040201E+00,-723.618E-03
+65.100E-03,-1.045226E+00,-723.618E-03
+65.200E-03,-1.045226E+00,-718.593E-03
+65.300E-03,-964.824E-03,-723.618E-03
+65.400E-03,-1.045226E+00,-723.618E-03
+65.500E-03,-1.000000E+00,-723.618E-03
+65.600E-03,-964.824E-03,-643.216E-03
+65.700E-03,-1.000000E+00,-723.618E-03
+65.800E-03,-1.040201E+00,-723.618E-03
+65.900E-03,-1.005025E+00,-723.618E-03
+66.000E-03,-1.045226E+00,-723.618E-03
+66.100E-03,-1.005025E+00,-723.618E-03
+66.200E-03,-964.824E-03,-723.618E-03
+66.300E-03,-964.824E-03,-723.618E-03
+66.400E-03,-964.824E-03,-723.618E-03
+66.500E-03,-1.005025E+00,-758.794E-03
+66.600E-03,-1.045226E+00,-723.618E-03
+66.700E-03,-1.005025E+00,-758.794E-03
+66.800E-03,-1.045226E+00,-804.020E-03
+66.900E-03,-964.824E-03,-758.794E-03
+67.000E-03,-964.824E-03,-804.020E-03
+67.100E-03,-964.824E-03,-804.020E-03
+67.200E-03,-1.040201E+00,-804.020E-03
+67.300E-03,-1.045226E+00,-758.794E-03
+67.400E-03,-1.040201E+00,-804.020E-03
+67.500E-03,-1.005025E+00,-804.020E-03
+67.600E-03,-1.040201E+00,-804.020E-03
+67.700E-03,-1.045226E+00,-804.020E-03
+67.800E-03,-964.824E-03,-804.020E-03
+67.900E-03,-1.045226E+00,-804.020E-03
+68.000E-03,-1.045226E+00,-804.020E-03
+68.100E-03,-1.045226E+00,-804.020E-03
+68.200E-03,-964.824E-03,-804.020E-03
+68.300E-03,-1.000000E+00,-839.196E-03
+68.400E-03,-964.824E-03,-804.020E-03
+68.500E-03,-1.005025E+00,-804.020E-03
+68.600E-03,-1.045226E+00,-804.020E-03
+68.700E-03,-1.045226E+00,-804.020E-03
+68.800E-03,-964.824E-03,-804.020E-03
+68.900E-03,-1.045226E+00,-804.020E-03
+69.000E-03,-1.040201E+00,-804.020E-03
+69.100E-03,-1.045226E+00,-804.020E-03
+69.200E-03,-1.045226E+00,-884.422E-03
+69.300E-03,-1.000000E+00,-844.221E-03
+69.400E-03,-964.824E-03,-879.397E-03
+69.500E-03,-1.045226E+00,-804.020E-03
+69.600E-03,-1.045226E+00,-804.020E-03
+69.700E-03,-1.000000E+00,-839.196E-03
+69.800E-03,-1.045226E+00,-884.422E-03
+69.900E-03,-1.045226E+00,-839.196E-03
+70.000E-03,-1.045226E+00,-879.397E-03
+70.100E-03,-1.045226E+00,-884.422E-03
+70.200E-03,-1.045226E+00,-884.422E-03
+70.300E-03,-1.005025E+00,-844.221E-03
+70.400E-03,-1.045226E+00,-884.422E-03
+70.500E-03,-1.045226E+00,-839.196E-03
+70.600E-03,-1.045226E+00,-804.020E-03
+70.700E-03,-1.005025E+00,-804.020E-03
+70.800E-03,-1.040201E+00,-879.397E-03
+70.900E-03,-1.045226E+00,-884.422E-03
+71.000E-03,-1.040201E+00,-879.397E-03
+71.100E-03,-1.080402E+00,-884.422E-03
+71.200E-03,-1.045226E+00,-804.020E-03
+71.300E-03,-1.045226E+00,-884.422E-03
+71.400E-03,-1.045226E+00,-884.422E-03
+71.500E-03,-1.000000E+00,-884.422E-03
+71.600E-03,-964.824E-03,-884.422E-03
+71.700E-03,-964.824E-03,-844.221E-03
+71.800E-03,-1.045226E+00,-884.422E-03
+71.900E-03,-1.005025E+00,-884.422E-03
+72.000E-03,-1.045226E+00,-879.397E-03
+72.100E-03,-964.824E-03,-839.196E-03
+72.200E-03,-1.045226E+00,-884.422E-03
+72.300E-03,-1.000000E+00,-839.196E-03
+72.400E-03,-1.040201E+00,-884.422E-03
+72.500E-03,-964.824E-03,-804.020E-03
+72.600E-03,-964.824E-03,-884.422E-03
+72.700E-03,-1.005025E+00,-839.196E-03
+72.800E-03,-1.040201E+00,-884.422E-03
+72.900E-03,-1.005025E+00,-884.422E-03
+73.000E-03,-1.040201E+00,-884.422E-03
+73.100E-03,-964.824E-03,-884.422E-03
+73.200E-03,-964.824E-03,-884.422E-03
+73.300E-03,-1.045226E+00,-884.422E-03
+73.400E-03,-1.040201E+00,-884.422E-03
+73.500E-03,-964.824E-03,-884.422E-03
+73.600E-03,-1.040201E+00,-884.422E-03
+73.700E-03,-1.045226E+00,-884.422E-03
+73.800E-03,-964.824E-03,-884.422E-03
+73.900E-03,-1.045226E+00,-884.422E-03
+74.000E-03,-1.045226E+00,-884.422E-03
+74.100E-03,-1.000000E+00,-884.422E-03
+74.200E-03,-964.824E-03,-884.422E-03
+74.300E-03,-1.045226E+00,-884.422E-03
+74.400E-03,-1.040201E+00,-884.422E-03
+74.500E-03,-1.045226E+00,-919.598E-03
+74.600E-03,-1.040201E+00,-884.422E-03
+74.700E-03,-1.045226E+00,-884.422E-03
+74.800E-03,-964.824E-03,-884.422E-03
+74.900E-03,-1.005025E+00,-919.598E-03
+75.000E-03,-1.040201E+00,-884.422E-03
+75.100E-03,-1.045226E+00,-884.422E-03
+75.200E-03,-1.040201E+00,-884.422E-03
+75.300E-03,-1.000000E+00,-884.422E-03
+75.400E-03,-964.824E-03,-884.422E-03
+75.500E-03,-1.045226E+00,-924.623E-03
+75.600E-03,-964.824E-03,-884.422E-03
+75.700E-03,-1.005025E+00,-884.422E-03
+75.800E-03,-1.040201E+00,-884.422E-03
+75.900E-03,-1.045226E+00,-884.422E-03
+76.000E-03,-964.824E-03,-884.422E-03
+76.100E-03,-1.005025E+00,-884.422E-03
+76.200E-03,-1.045226E+00,-884.422E-03
+76.300E-03,-1.045226E+00,-924.623E-03
+76.400E-03,-1.045226E+00,-884.422E-03
+76.500E-03,-1.045226E+00,-884.422E-03
+76.600E-03,-1.045226E+00,-959.799E-03
+76.700E-03,-1.045226E+00,-884.422E-03
+76.800E-03,-964.824E-03,-884.422E-03
+76.900E-03,-1.045226E+00,-884.422E-03
+77.000E-03,-964.824E-03,-884.422E-03
+77.100E-03,-1.005025E+00,-919.598E-03
+77.200E-03,-1.045226E+00,-884.422E-03
+77.300E-03,-1.045226E+00,-884.422E-03
+77.400E-03,-1.045226E+00,-884.422E-03
+77.500E-03,-1.045226E+00,-924.623E-03
+77.600E-03,-964.824E-03,-884.422E-03
+77.700E-03,-964.824E-03,-919.598E-03
+77.800E-03,-1.040201E+00,-884.422E-03
+77.900E-03,-1.045226E+00,-884.422E-03
+78.000E-03,-964.824E-03,-884.422E-03
+78.100E-03,-1.005025E+00,-924.623E-03
+78.200E-03,-964.824E-03,-884.422E-03
+78.300E-03,-1.045226E+00,-924.623E-03
+78.400E-03,-1.045226E+00,-959.799E-03
+78.500E-03,-1.000000E+00,-964.824E-03
+78.600E-03,-964.824E-03,-884.422E-03
+78.700E-03,-1.000000E+00,-884.422E-03
+78.800E-03,-1.045226E+00,-884.422E-03
+78.900E-03,-1.005025E+00,-884.422E-03
+79.000E-03,-1.045226E+00,-884.422E-03
+79.100E-03,-964.824E-03,-919.598E-03
+79.200E-03,-964.824E-03,-884.422E-03
+79.300E-03,-1.000000E+00,-884.422E-03
+79.400E-03,-964.824E-03,-884.422E-03
+79.500E-03,-1.045226E+00,-924.623E-03
+79.600E-03,-1.045226E+00,-884.422E-03
+79.700E-03,-1.005025E+00,-924.623E-03
+79.800E-03,-1.045226E+00,-884.422E-03
+79.900E-03,-1.045226E+00,-884.422E-03
+80.000E-03,-1.045226E+00,-959.799E-03
+80.100E-03,-1.045226E+00,-924.623E-03
+80.200E-03,-1.040201E+00,-884.422E-03
+80.300E-03,-1.045226E+00,-884.422E-03
+80.400E-03,-1.040201E+00,-964.824E-03
+80.500E-03,-1.045226E+00,-884.422E-03
+80.600E-03,-1.040201E+00,-884.422E-03
+80.700E-03,-1.005025E+00,-924.623E-03
+80.800E-03,-964.824E-03,-959.799E-03
+80.900E-03,-1.005025E+00,-884.422E-03
+81.000E-03,-1.045226E+00,-884.422E-03
+81.100E-03,-1.045226E+00,-919.598E-03
+81.200E-03,-1.045226E+00,-959.799E-03
+81.300E-03,-1.045226E+00,-964.824E-03
+81.400E-03,-964.824E-03,-884.422E-03
+81.500E-03,-1.000000E+00,-919.598E-03
+81.600E-03,-1.045226E+00,-884.422E-03
+81.700E-03,-1.045226E+00,-884.422E-03
+81.800E-03,-964.824E-03,-884.422E-03
+81.900E-03,-1.045226E+00,-884.422E-03
+82.000E-03,-1.045226E+00,-884.422E-03
+82.100E-03,-964.824E-03,-924.623E-03
+82.200E-03,-1.045226E+00,-884.422E-03
+82.300E-03,-1.045226E+00,-884.422E-03
+82.400E-03,-1.045226E+00,-884.422E-03
+82.500E-03,-1.045226E+00,-884.422E-03
+82.600E-03,-1.045226E+00,-884.422E-03
+82.700E-03,-1.005025E+00,-884.422E-03
+82.800E-03,-964.824E-03,-964.824E-03
+82.900E-03,-1.005025E+00,-884.422E-03
+83.000E-03,-1.045226E+00,-884.422E-03
+83.100E-03,-1.000000E+00,-884.422E-03
+83.200E-03,-1.045226E+00,-964.824E-03
+83.300E-03,-1.005025E+00,-964.824E-03
+83.400E-03,-1.045226E+00,-884.422E-03
+83.500E-03,-1.045226E+00,-964.824E-03
+83.600E-03,-1.045226E+00,-884.422E-03
+83.700E-03,-1.045226E+00,-924.623E-03
+83.800E-03,-1.045226E+00,-964.824E-03
+83.900E-03,-964.824E-03,-919.598E-03
+84.000E-03,-1.045226E+00,-884.422E-03
+84.100E-03,-1.045226E+00,-924.623E-03
+84.200E-03,-964.824E-03,-959.799E-03
+84.300E-03,-1.045226E+00,-919.598E-03
+84.400E-03,-1.045226E+00,-964.824E-03
+84.500E-03,-1.045226E+00,-919.598E-03
+84.600E-03,-1.045226E+00,-959.799E-03
+84.700E-03,-1.005025E+00,-964.824E-03
+84.800E-03,-964.824E-03,-884.422E-03
+84.900E-03,-1.005025E+00,-964.824E-03
+85.000E-03,-964.824E-03,-959.799E-03
+85.100E-03,-1.005025E+00,-924.623E-03
+85.200E-03,-1.045226E+00,-884.422E-03
+85.300E-03,-1.045226E+00,-919.598E-03
+85.400E-03,-1.045226E+00,-884.422E-03
+85.500E-03,-1.045226E+00,-884.422E-03
+85.600E-03,-1.045226E+00,-964.824E-03
+85.700E-03,-1.045226E+00,-919.598E-03
+85.800E-03,-1.045226E+00,-884.422E-03
+85.900E-03,-1.045226E+00,-919.598E-03
+86.000E-03,-1.045226E+00,-884.422E-03
+86.100E-03,-1.045226E+00,-884.422E-03
+86.200E-03,-964.824E-03,-884.422E-03
+86.300E-03,-1.045226E+00,-924.623E-03
+86.400E-03,-964.824E-03,-964.824E-03
+86.500E-03,-1.000000E+00,-919.598E-03
+86.600E-03,-964.824E-03,-884.422E-03
+86.700E-03,-1.045226E+00,-919.598E-03
+86.800E-03,-964.824E-03,-964.824E-03
+86.900E-03,-1.045226E+00,-884.422E-03
+87.000E-03,-1.045226E+00,-964.824E-03
+87.100E-03,-1.000000E+00,-884.422E-03
+87.200E-03,-1.045226E+00,-964.824E-03
+87.300E-03,-1.045226E+00,-924.623E-03
+87.400E-03,-1.045226E+00,-884.422E-03
+87.500E-03,-964.824E-03,-884.422E-03
+87.600E-03,-1.045226E+00,-884.422E-03
+87.700E-03,-1.045226E+00,-924.623E-03
+87.800E-03,-964.824E-03,-959.799E-03
+87.900E-03,-964.824E-03,-884.422E-03
+88.000E-03,-1.045226E+00,-964.824E-03
+88.100E-03,-1.045226E+00,-964.824E-03
+88.200E-03,-1.045226E+00,-884.422E-03
+88.300E-03,-1.045226E+00,-924.623E-03
+88.400E-03,-964.824E-03,-959.799E-03
+88.500E-03,-1.045226E+00,-964.824E-03
+88.600E-03,-1.045226E+00,-884.422E-03
+88.700E-03,-1.000000E+00,-964.824E-03
+88.800E-03,-964.824E-03,-964.824E-03
+88.900E-03,-1.000000E+00,-919.598E-03
+89.000E-03,-1.045226E+00,-884.422E-03
+89.100E-03,-1.005025E+00,-964.824E-03
+89.200E-03,-1.045226E+00,-884.422E-03
+89.300E-03,-1.005025E+00,-884.422E-03
+89.400E-03,-1.040201E+00,-964.824E-03
+89.500E-03,-1.045226E+00,-884.422E-03
+89.600E-03,-1.045226E+00,-884.422E-03
+89.700E-03,-1.045226E+00,-924.623E-03
+89.800E-03,-964.824E-03,-964.824E-03
+89.900E-03,-1.000000E+00,-964.824E-03
+90.000E-03,-1.045226E+00,-884.422E-03
+90.100E-03,-1.045226E+00,-884.422E-03
+90.200E-03,-1.045226E+00,-959.799E-03
+90.300E-03,-1.000000E+00,-919.598E-03
+90.400E-03,-964.824E-03,-884.422E-03
+90.500E-03,-1.005025E+00,-919.598E-03
+90.600E-03,-964.824E-03,-884.422E-03
+90.700E-03,-1.045226E+00,-964.824E-03
+90.800E-03,-1.045226E+00,-884.422E-03
+90.900E-03,-1.045226E+00,-919.598E-03
+91.000E-03,-1.040201E+00,-964.824E-03
+91.100E-03,-1.045226E+00,-964.824E-03
+91.200E-03,-964.824E-03,-959.799E-03
+91.300E-03,-1.000000E+00,-964.824E-03
+91.400E-03,-1.045226E+00,-964.824E-03
+91.500E-03,-1.045226E+00,-924.623E-03
+91.600E-03,-1.045226E+00,-959.799E-03
+91.700E-03,-1.045226E+00,-884.422E-03
+91.800E-03,-1.040201E+00,-959.799E-03
+91.900E-03,-1.045226E+00,-919.598E-03
+92.000E-03,-964.824E-03,-884.422E-03
+92.100E-03,-1.000000E+00,-919.598E-03
+92.200E-03,-1.045226E+00,-964.824E-03
+92.300E-03,-1.005025E+00,-919.598E-03
+92.400E-03,-1.040201E+00,-959.799E-03
+92.500E-03,-1.005025E+00,-919.598E-03
+92.600E-03,-964.824E-03,-959.799E-03
+92.700E-03,-1.045226E+00,-964.824E-03
+92.800E-03,-1.045226E+00,-959.799E-03
+92.900E-03,-1.045226E+00,-919.598E-03
+93.000E-03,-1.040201E+00,-964.824E-03
+93.100E-03,-1.045226E+00,-919.598E-03
+93.200E-03,-964.824E-03,-964.824E-03
+93.300E-03,-1.045226E+00,-884.422E-03
+93.400E-03,-964.824E-03,-884.422E-03
+93.500E-03,-1.005025E+00,-964.824E-03
+93.600E-03,-964.824E-03,-884.422E-03
+93.700E-03,-1.005025E+00,-964.824E-03
+93.800E-03,-1.040201E+00,-964.824E-03
+93.900E-03,-1.045226E+00,-924.623E-03
+94.000E-03,-964.824E-03,-964.824E-03
+94.100E-03,-1.045226E+00,-964.824E-03
+94.200E-03,-964.824E-03,-964.824E-03
+94.300E-03,-1.005025E+00,-964.824E-03
+94.400E-03,-1.045226E+00,-884.422E-03
+94.500E-03,-964.824E-03,-919.598E-03
+94.600E-03,-1.045226E+00,-959.799E-03
+94.700E-03,-1.045226E+00,-884.422E-03
+94.800E-03,-1.040201E+00,-964.824E-03
+94.900E-03,-1.045226E+00,-884.422E-03
+95.000E-03,-1.040201E+00,-959.799E-03
+95.100E-03,-1.000000E+00,-964.824E-03
+95.200E-03,-964.824E-03,-884.422E-03
+95.300E-03,-964.824E-03,-884.422E-03
+95.400E-03,-964.824E-03,-964.824E-03
+95.500E-03,-1.000000E+00,-964.824E-03
+95.600E-03,-1.045226E+00,-959.799E-03
+95.700E-03,-1.045226E+00,-919.598E-03
+95.800E-03,-964.824E-03,-964.824E-03
+95.900E-03,-1.005025E+00,-924.623E-03
+96.000E-03,-1.040201E+00,-959.799E-03
+96.100E-03,-1.045226E+00,-924.623E-03
+96.200E-03,-1.045226E+00,-964.824E-03
+96.300E-03,-1.000000E+00,-919.598E-03
+96.400E-03,-964.824E-03,-884.422E-03
+96.500E-03,-1.045226E+00,-924.623E-03
+96.600E-03,-964.824E-03,-884.422E-03
+96.700E-03,-1.005025E+00,-924.623E-03
+96.800E-03,-964.824E-03,-884.422E-03
+96.900E-03,-1.000000E+00,-924.623E-03
+97.000E-03,-964.824E-03,-964.824E-03
+97.100E-03,-1.000000E+00,-919.598E-03
+97.200E-03,-1.045226E+00,-964.824E-03
+97.300E-03,-1.000000E+00,-964.824E-03
+97.400E-03,-1.040201E+00,-959.799E-03
+97.500E-03,-1.045226E+00,-919.598E-03
+97.600E-03,-964.824E-03,-884.422E-03
+97.700E-03,-1.045226E+00,-964.824E-03
+97.800E-03,-1.040201E+00,-884.422E-03
+97.900E-03,-1.000000E+00,-919.598E-03
+98.000E-03,-1.040201E+00,-964.824E-03
+98.100E-03,-1.045226E+00,-964.824E-03
+98.200E-03,-964.824E-03,-959.799E-03
+98.300E-03,-1.045226E+00,-919.598E-03
+98.400E-03,-1.045226E+00,-964.824E-03
+98.500E-03,-1.000000E+00,-919.598E-03
+98.600E-03,-1.040201E+00,-884.422E-03
+98.700E-03,-1.045226E+00,-924.623E-03
+98.800E-03,-1.045226E+00,-884.422E-03
+98.900E-03,-964.824E-03,-964.824E-03
+99.000E-03,-1.045226E+00,-884.422E-03
+99.100E-03,-1.000000E+00,-924.623E-03
+99.200E-03,-964.824E-03,-884.422E-03
+99.300E-03,-1.045226E+00,-884.422E-03
+99.400E-03,-964.824E-03,-959.799E-03
+99.500E-03,-1.045226E+00,-964.824E-03
+99.600E-03,-1.045226E+00,-964.824E-03
+99.700E-03,-1.005025E+00,-919.598E-03
+99.800E-03,-1.045226E+00,-964.824E-03
+99.900E-03,-1.045226E+00,-919.598E-03
